id,first_name,last_name,email,gender,ip_address
1,Maurine,Ticksall,mticksall0@livejournal.com,Female,180.237.214.69
2,Mead,Dufall,mdufall1@usnews.com,Male,255.144.134.70
3,Kelly,Curtiss,kcurtiss2@flavors.me,Male,15.14.117.229
4,Candice,Byrkmyr,cbyrkmyr3@wikimedia.org,Female,6.117.45.124
5,Aubree,Buckeridge,abuckeridge4@uol.com.br,Female,88.173.177.204
6,Cari,Wederell,cwederell5@ihg.com,Female,253.163.78.213
7,Sammie,Tumelty,stumelty6@fema.gov,Male,91.146.58.90
8,Phillida,Jimenez,pjimenez7@apple.com,Female,251.131.149.17
9,Hildy,McLafferty,hmclafferty8@blogger.com,Female,217.103.200.4
10,Padraic,Moncreiff,pmoncreiff9@bbc.co.uk,Male,140.34.113.169
11,Dane,Sawrey,dsawreya@ox.ac.uk,Male,249.44.38.232
12,Claudell,Keslake,ckeslakeb@cisco.com,Male,224.46.136.36
13,Paulie,Stockow,pstockowc@yellowbook.com,Female,28.182.124.77
14,Evyn,Perell,eperelld@ucla.edu,Male,252.62.243.137
15,Balduin,Gorman,bgormane@jimdo.com,Male,121.120.177.250
16,Robinson,Vince,rvincef@friendfeed.com,Male,202.35.3.112
17,Silas,Sibly,ssiblyg@istockphoto.com,Male,38.190.27.132
18,Jennilee,Toghill,jtoghillh@foxnews.com,Female,93.50.213.182
19,Yoshi,Soigne,ysoignei@home.pl,Female,33.1.141.208
20,Reinald,Jedrychowski,rjedrychowskij@dell.com,Male,235.36.149.81
21,Art,De Francesco,adefrancescok@ameblo.jp,Male,16.169.80.114
22,Sascha,Ryhorovich,sryhorovichl@devhub.com,Female,49.25.227.180
23,Ranique,Lebrun,rlebrunm@amazon.com,Female,109.183.153.227
24,Field,Shatliff,fshatliffn@tripadvisor.com,Male,222.103.124.40
25,Demeter,Ferran,dferrano@harvard.edu,Female,168.110.236.65
26,Earlie,Machent,emachentp@latimes.com,Male,10.62.156.188
27,Gretchen,Heatlie,gheatlieq@oracle.com,Female,212.13.204.148
28,Adey,Cardew,acardewr@theatlantic.com,Female,82.31.3.186
29,Dex,Ferraron,dferrarons@oakley.com,Male,84.163.209.77
30,George,Sevior,gseviort@geocities.jp,Female,15.82.197.89
31,Gerardo,Tetsall,gtetsallu@domainmarket.com,Male,95.181.202.54
32,Rickey,Isacoff,risacoffv@arizona.edu,Male,95.23.70.223
33,Matthus,Kielt,mkieltw@desdev.cn,Male,8.33.204.123
34,Naomi,Bromage,nbromagex@globo.com,Female,88.234.89.67
35,Jeanine,Blanc,jblancy@arstechnica.com,Female,147.203.186.223
36,Tammie,Sandle,tsandlez@vkontakte.ru,Male,96.232.181.84
37,Phillida,Carbery,pcarbery10@creativecommons.org,Female,155.132.216.239
38,Mireielle,Frain,mfrain11@t.co,Female,182.53.91.109
39,Claudell,Casswell,ccasswell12@abc.net.au,Male,248.193.239.107
40,Angelle,Seston,aseston13@sohu.com,Female,54.216.241.225
41,Caralie,Crocker,ccrocker14@dedecms.com,Female,225.123.235.169
42,Lorrie,Senecaux,lsenecaux15@goo.gl,Male,213.89.229.116
43,Ardith,Downer,adowner16@amazon.co.uk,Female,104.9.128.22
44,Sayer,Aird,saird17@who.int,Male,47.52.73.141
45,Elias,Garric,egarric18@xing.com,Male,171.7.88.128
46,Pattie,Doughartie,pdoughartie19@drupal.org,Male,154.30.248.195
47,Melisenda,Willgress,mwillgress1a@deviantart.com,Female,85.210.184.17
48,Ashla,Shout,ashout1b@unesco.org,Female,151.208.63.78
49,Aldo,Fidilis,afidilis1c@kickstarter.com,Male,161.143.36.124
50,Joni,Meineking,jmeineking1d@usa.gov,Female,171.226.207.254
51,Lucia,Lodden,llodden1e@biglobe.ne.jp,Female,121.220.95.38
52,Dyna,Garrad,dgarrad1f@irs.gov,Female,166.140.219.101
53,Myer,Costard,mcostard1g@upenn.edu,Male,234.219.26.23
54,Jolene,Lampbrecht,jlampbrecht1h@furl.net,Female,185.233.220.137
55,Johannah,Ivashchenko,jivashchenko1i@amazon.de,Female,12.46.205.253
56,Whitney,Renackowna,wrenackowna1j@forbes.com,Male,43.88.241.78
57,Ivar,Connue,iconnue1k@irs.gov,Male,136.191.42.39
58,Calley,Goshawk,cgoshawk1l@studiopress.com,Female,206.72.147.13
59,Ariel,Iacovielli,aiacovielli1m@who.int,Female,1.146.80.181
60,Carlye,Giovannini,cgiovannini1n@free.fr,Female,105.83.111.92
61,Wadsworth,Berrick,wberrick1o@weebly.com,Male,164.136.33.122
62,Fabio,Gimblett,fgimblett1p@who.int,Male,133.26.68.32
63,Idaline,Canadas,icanadas1q@oakley.com,Female,203.115.200.249
64,Siana,Hablet,shablet1r@ucoz.com,Female,241.47.35.168
65,Abba,Woolmer,awoolmer1s@cbslocal.com,Male,223.106.133.253
66,Josh,Denial,jdenial1t@pbs.org,Male,239.113.244.54
67,Adair,Giraudo,agiraudo1u@bigcartel.com,Male,75.228.48.26
68,Allin,Warhurst,awarhurst1v@symantec.com,Male,3.32.48.83
69,Yehudi,Schuh,yschuh1w@squarespace.com,Male,107.162.40.74
70,Mireielle,Whitlow,mwhitlow1x@miitbeian.gov.cn,Female,19.196.103.225
71,Druci,Ravel,dravel1y@wikipedia.org,Female,245.165.91.165
72,Delphinia,Bernon,dbernon1z@dot.gov,Female,226.142.214.24
73,Van,Bernardo,vbernardo20@drupal.org,Female,98.89.215.54
74,Rozina,Reddecliffe,rreddecliffe21@globo.com,Female,215.102.106.153
75,Coralyn,Stratz,cstratz22@icio.us,Female,193.200.178.65
76,Helaina,O'Scollain,hoscollain23@mashable.com,Female,74.181.195.204
77,Cornie,Cleaves,ccleaves24@theatlantic.com,Female,111.138.96.95
78,Sylvia,Haggleton,shaggleton25@skype.com,Female,97.171.192.165
79,Chiquia,Faircliff,cfaircliff26@ed.gov,Female,147.69.101.249
80,Kalli,Moynihan,kmoynihan27@blogtalkradio.com,Female,160.120.200.46
81,Bart,Pinnijar,bpinnijar28@netlog.com,Male,219.105.56.173
82,Cher,Arbon,carbon29@vinaora.com,Female,29.17.163.220
83,Emily,Rens,erens2a@miibeian.gov.cn,Female,80.132.247.42
84,Morlee,Kuzemka,mkuzemka2b@google.pl,Male,160.242.0.236
85,Townie,Aggiss,taggiss2c@reddit.com,Male,128.27.0.207
86,Cara,Weedon,cweedon2d@sitemeter.com,Female,85.247.144.255
87,Marieann,Kilfeather,mkilfeather2e@etsy.com,Female,148.76.44.87
88,Alford,Taffie,ataffie2f@nationalgeographic.com,Male,117.199.112.103
89,Cleveland,O'Hannen,cohannen2g@sakura.ne.jp,Male,168.156.156.191
90,Eduard,Ragg,eragg2h@netlog.com,Male,115.93.148.176
91,Devinne,Snelling,dsnelling2i@drupal.org,Female,2.42.168.176
92,Christoffer,Doubrava,cdoubrava2j@bloomberg.com,Male,143.49.87.167
93,Rafferty,Clulee,rclulee2k@ox.ac.uk,Male,197.41.147.175
94,Kenna,Drains,kdrains2l@alexa.com,Female,162.182.126.209
95,Yulma,Belitz,ybelitz2m@cocolog-nifty.com,Male,208.139.105.79
96,Dallis,de Guise,ddeguise2n@clickbank.net,Male,177.149.135.177
97,Mark,Aitkin,maitkin2o@networksolutions.com,Male,60.129.223.55
98,Ginny,Reedick,greedick2p@weibo.com,Female,33.242.159.60
99,Goldarina,Starmore,gstarmore2q@sbwire.com,Female,203.227.209.62
100,Phillip,Wickrath,pwickrath2r@friendfeed.com,Male,126.178.31.26
101,Mead,O'Shee,moshee2s@deliciousdays.com,Male,62.244.57.214
102,Penny,Kenworthy,pkenworthy2t@storify.com,Female,70.215.203.250
103,Amandi,Pawlaczyk,apawlaczyk2u@state.gov,Female,134.158.119.30
104,Anderea,Pigdon,apigdon2v@wikispaces.com,Female,215.194.85.222
105,Lori,Siberry,lsiberry2w@examiner.com,Female,116.44.132.160
106,Sheelagh,Purselow,spurselow2x@photobucket.com,Female,47.171.181.52
107,Loren,Lyness,llyness2y@google.com.hk,Male,79.65.42.0
108,Elsinore,Gannicleff,egannicleff2z@disqus.com,Female,89.244.229.167
109,Baird,Kluge,bkluge30@google.de,Male,103.145.100.129
110,Evita,Sparey,esparey31@forbes.com,Female,169.243.126.35
111,Molli,Glaves,mglaves32@dropbox.com,Female,74.102.70.28
112,Kaycee,Allston,kallston33@gizmodo.com,Female,123.70.91.66
113,Norene,Kitchingham,nkitchingham34@so-net.ne.jp,Female,225.151.253.243
114,Richard,Mitkov,rmitkov35@businessinsider.com,Male,189.2.93.137
115,Lalo,Bettington,lbettington36@instagram.com,Male,149.57.242.75
116,Violante,Albone,valbone37@umn.edu,Female,243.230.214.227
117,Alys,Aldcorne,aaldcorne38@hatena.ne.jp,Female,27.200.125.79
118,Ernestus,Teasey,eteasey39@state.tx.us,Male,149.101.185.117
119,Cristal,Roskams,croskams3a@va.gov,Female,69.71.161.146
120,Dame,Peirone,dpeirone3b@netlog.com,Male,15.0.166.121
121,Faunie,McParlin,fmcparlin3c@bloomberg.com,Female,136.103.208.215
122,Chery,Camidge,ccamidge3d@utexas.edu,Female,165.5.171.108
123,Elisa,Brotherhood,ebrotherhood3e@independent.co.uk,Female,150.192.146.184
124,Therese,Lownds,tlownds3f@t.co,Female,188.190.253.145
125,Casandra,Quinsee,cquinsee3g@usa.gov,Female,200.42.172.147
126,Andee,Sallery,asallery3h@google.nl,Female,116.115.83.228
127,Adan,Coopper,acoopper3i@jalbum.net,Male,82.164.231.117
128,Thorsten,Stelljes,tstelljes3j@baidu.com,Male,88.226.93.158
129,Normand,Aneley,naneley3k@liveinternet.ru,Male,154.47.186.149
130,Genevra,Peeter,gpeeter3l@vk.com,Female,131.32.241.88
131,Hillyer,Carvell,hcarvell3m@wikispaces.com,Male,46.203.24.75
132,Rahel,Norcutt,rnorcutt3n@live.com,Female,194.238.168.76
133,Napoleon,Methley,nmethley3o@gizmodo.com,Male,236.46.58.244
134,Eddi,Stowte,estowte3p@noaa.gov,Female,234.110.153.148
135,Sal,Roncelli,sroncelli3q@w3.org,Female,8.120.183.104
136,Nicolea,Carmody,ncarmody3r@mit.edu,Female,64.54.243.37
137,Sammy,Krauze,skrauze3s@reverbnation.com,Male,148.67.17.58
138,Hermie,Proschke,hproschke3t@amazon.com,Male,4.240.92.86
139,Berenice,Brouard,bbrouard3u@netscape.com,Female,184.9.88.124
140,Tonnie,Grigson,tgrigson3v@microsoft.com,Male,183.177.150.196
141,Lotty,Lidgate,llidgate3w@webeden.co.uk,Female,178.211.179.243
142,Sydelle,Causey,scausey3x@simplemachines.org,Female,201.99.213.217
143,Felic,Episcopio,fepiscopio3y@wikia.com,Male,186.179.122.86
144,Briny,Robins,brobins3z@ning.com,Female,69.189.185.217
145,Hewet,Hoyland,hhoyland40@miitbeian.gov.cn,Male,140.23.2.158
146,Marven,Nizard,mnizard41@fotki.com,Male,187.4.127.151
147,Fanni,Ambrosio,fambrosio42@foxnews.com,Female,105.86.133.24
148,Cole,Slafford,cslafford43@forbes.com,Male,150.115.246.15
149,Charmain,Christofle,cchristofle44@chronoengine.com,Female,52.140.4.214
150,Bernardine,Bick,bbick45@thetimes.co.uk,Female,54.155.89.163
151,Zita,Smurfit,zsmurfit46@quantcast.com,Female,246.77.251.34
152,Adele,Hourican,ahourican47@whitehouse.gov,Female,11.176.62.103
153,Nye,Meakes,nmeakes48@diigo.com,Male,25.236.247.228
154,Bertie,Dorward,bdorward49@sogou.com,Male,250.172.161.75
155,Leilah,Bartlomiej,lbartlomiej4a@blinklist.com,Female,240.154.86.126
156,Theo,Yesson,tyesson4b@nih.gov,Female,130.184.145.129
157,Katey,Collman,kcollman4c@wisc.edu,Female,0.224.39.13
158,Renaldo,Crewes,rcrewes4d@netvibes.com,Male,4.117.62.254
159,Franklin,Fenby,ffenby4e@npr.org,Male,134.216.119.63
160,Rafaellle,Crichley,rcrichley4f@cbslocal.com,Male,188.202.200.152
161,Bambi,Kellogg,bkellogg4g@t.co,Female,102.243.199.14
162,Jeremy,Brameld,jbrameld4h@godaddy.com,Male,242.217.13.242
163,Jenica,Robiou,jrobiou4i@trellian.com,Female,116.110.149.94
164,Bordy,Purselowe,bpurselowe4j@blogtalkradio.com,Male,45.194.17.153
165,Fleming,Witherop,fwitherop4k@nasa.gov,Male,201.188.119.196
166,Kendall,Chinnick,kchinnick4l@posterous.com,Male,100.74.52.109
167,Roland,Stalman,rstalman4m@biblegateway.com,Male,59.238.70.32
168,Car,Coch,ccoch4n@chron.com,Male,135.225.22.188
169,Myer,Maffulli,mmaffulli4o@archive.org,Male,206.60.138.142
170,Rolph,McKeady,rmckeady4p@kickstarter.com,Male,243.176.13.252
171,Stanton,Callaghan,scallaghan4q@vimeo.com,Male,187.105.196.60
172,Gaven,Claypole,gclaypole4r@jalbum.net,Male,99.240.209.218
173,Felisha,Haverty,fhaverty4s@cnet.com,Female,158.125.102.19
174,Miles,Quimby,mquimby4t@desdev.cn,Male,212.113.121.111
175,Starla,Penni,spenni4u@wiley.com,Female,154.136.109.171
176,Nikita,Shalloo,nshalloo4v@newsvine.com,Male,0.153.35.193
177,Rivi,Bentall,rbentall4w@tripod.com,Female,96.64.153.184
178,Basile,Pirrie,bpirrie4x@google.cn,Male,252.168.150.101
179,Nanni,Timms,ntimms4y@ameblo.jp,Female,110.186.60.187
180,Stearne,Mundwell,smundwell4z@a8.net,Male,169.134.184.151
181,Chevy,Sheers,csheers50@amazonaws.com,Male,133.187.235.189
182,Ellsworth,Matelyunas,ematelyunas51@vkontakte.ru,Male,10.251.92.5
183,Emelita,Chad,echad52@huffingtonpost.com,Female,243.193.243.185
184,Eduino,Brashaw,ebrashaw53@soup.io,Male,11.216.98.131
185,Bev,Force,bforce54@thetimes.co.uk,Female,109.27.224.98
186,Clerkclaude,Daulton,cdaulton55@sfgate.com,Male,111.119.74.105
187,Bradney,Aldous,baldous56@census.gov,Male,98.60.15.187
188,Horatius,Barks,hbarks57@issuu.com,Male,147.116.173.204
189,Teressa,Aime,taime58@hud.gov,Female,241.245.15.30
190,Maximo,Bolzmann,mbolzmann59@archive.org,Male,217.174.94.84
191,Dugald,Francesconi,dfrancesconi5a@prnewswire.com,Male,26.250.52.52
192,Mattie,Dunbobbin,mdunbobbin5b@reference.com,Female,196.49.89.16
193,Gennifer,Blundon,gblundon5c@issuu.com,Female,209.52.179.245
194,Art,Probets,aprobets5d@unblog.fr,Male,197.90.70.147
195,Coralyn,Dowgill,cdowgill5e@washington.edu,Female,31.61.120.3
196,Valentino,Shakshaft,vshakshaft5f@mail.ru,Male,160.245.236.181
197,Dina,Collihole,dcollihole5g@thetimes.co.uk,Female,103.68.231.55
198,Felipa,Janko,fjanko5h@liveinternet.ru,Female,195.183.121.118
199,Aundrea,Westney,awestney5i@businessinsider.com,Female,149.188.90.120
200,Merna,Ferrettino,mferrettino5j@va.gov,Female,217.139.109.130
201,Laurianne,Vass,lvass5k@stanford.edu,Female,239.125.223.39
202,Gustave,Cicconettii,gcicconettii5l@tmall.com,Male,155.193.99.253
203,Darlene,Porte,dporte5m@spotify.com,Female,154.248.50.35
204,Lorraine,Boocock,lboocock5n@sohu.com,Female,162.28.214.83
205,Crissie,Wanell,cwanell5o@tumblr.com,Female,138.151.175.48
206,Ileana,Fontin,ifontin5p@ca.gov,Female,170.185.219.148
207,Hazel,Bodham,hbodham5q@gizmodo.com,Male,132.171.174.99
208,Rufus,Simchenko,rsimchenko5r@google.ca,Male,1.77.167.173
209,Kleon,Balden,kbalden5s@netscape.com,Male,152.203.21.99
210,Krissy,Izakovitz,kizakovitz5t@engadget.com,Female,12.194.103.106
211,Nate,Dorber,ndorber5u@tuttocitta.it,Male,204.175.239.182
212,Tildi,Honeywood,thoneywood5v@sfgate.com,Female,87.237.212.28
213,Neall,Knobell,nknobell5w@narod.ru,Male,119.87.68.168
214,Kaitlynn,Inns,kinns5x@cdc.gov,Female,16.209.61.143
215,Mikol,Gopsell,mgopsell5y@delicious.com,Male,62.221.43.206
216,Roman,Gane,rgane5z@unblog.fr,Male,56.254.130.250
217,Linette,Pellingar,lpellingar60@yellowbook.com,Female,178.93.175.30
218,Elvin,Sterzaker,esterzaker61@pcworld.com,Male,194.63.110.119
219,Marguerite,Spincks,mspincks62@meetup.com,Female,253.59.180.169
220,Sophie,Kubasek,skubasek63@tinyurl.com,Female,244.82.68.196
221,Dorthea,Di Biasi,ddibiasi64@timesonline.co.uk,Female,220.55.118.191
222,Sigfried,Iannuzzi,siannuzzi65@ask.com,Male,107.127.76.240
223,Gilda,Basson,gbasson66@hexun.com,Female,184.203.46.9
224,Parke,Tyt,ptyt67@cornell.edu,Male,222.221.39.59
225,Kassi,Natalie,knatalie68@soundcloud.com,Female,242.136.30.229
226,Lock,Vizor,lvizor69@pcworld.com,Male,237.88.141.2
227,Shanta,Kleisle,skleisle6a@sourceforge.net,Female,101.151.156.154
228,Herbert,Ballantine,hballantine6b@mediafire.com,Male,59.44.172.248
229,Currey,Levington,clevington6c@pcworld.com,Male,122.73.26.221
230,Jarid,Nayer,jnayer6d@youku.com,Male,81.149.52.99
231,Rodrick,Ibbison,ribbison6e@dyndns.org,Male,252.144.84.26
232,Andre,Harmour,aharmour6f@netvibes.com,Male,247.123.92.158
233,Tracie,Kennelly,tkennelly6g@themeforest.net,Male,214.237.168.154
234,Bern,Hinkley,bhinkley6h@de.vu,Male,236.160.68.138
235,Moyra,Axtonne,maxtonne6i@mayoclinic.com,Female,141.29.92.121
236,Dunstan,Swinyard,dswinyard6j@instagram.com,Male,190.42.251.28
237,Douglas,Le Fleming,dlefleming6k@blogspot.com,Male,214.178.6.60
238,Pete,Lamplugh,plamplugh6l@utexas.edu,Male,91.190.217.153
239,Reynolds,Castree,rcastree6m@elegantthemes.com,Male,74.153.186.120
240,Tymothy,Awde,tawde6n@sciencedaily.com,Male,81.234.107.152
241,Linnea,Spearman,lspearman6o@symantec.com,Female,136.94.70.64
242,Hale,Beston,hbeston6p@icio.us,Male,2.84.235.86
243,Maritsa,Dunham,mdunham6q@indiegogo.com,Female,136.189.124.197
244,Rosamund,Foote,rfoote6r@hugedomains.com,Female,171.128.31.105
245,Sheena,Edsall,sedsall6s@wisc.edu,Female,79.103.39.197
246,Bunni,Gamble,bgamble6t@yahoo.com,Female,88.41.196.170
247,Jarad,Gumm,jgumm6u@google.it,Male,212.75.220.113
248,Cullan,Kyndred,ckyndred6v@amazon.co.uk,Male,230.162.180.38
249,Dannie,Averies,daveries6w@joomla.org,Male,228.199.227.15
250,Willdon,Harmant,wharmant6x@chronoengine.com,Male,129.172.69.49
251,Cosetta,Placstone,cplacstone6y@qq.com,Female,56.137.22.143
252,Roseanne,Bessey,rbessey6z@miitbeian.gov.cn,Female,159.133.121.1
253,Lemmie,Chadderton,lchadderton70@stumbleupon.com,Male,235.108.2.231
254,Audy,Berget,aberget71@webeden.co.uk,Female,39.158.57.126
255,Leonid,Jurczak,ljurczak72@sourceforge.net,Male,67.177.60.253
256,Sabra,Czaple,sczaple73@utexas.edu,Female,100.191.77.101
257,Delinda,McCaughey,dmccaughey74@omniture.com,Female,13.101.242.91
258,Tracee,Franschini,tfranschini75@java.com,Female,28.178.183.82
259,Nicoli,Perschke,nperschke76@privacy.gov.au,Female,111.7.241.131
260,Danika,Paulsen,dpaulsen77@yahoo.co.jp,Female,69.227.187.49
261,Cherilynn,Simonsen,csimonsen78@un.org,Female,228.53.204.135
262,Ardeen,Tadd,atadd79@google.nl,Female,217.174.86.14
263,Elbertine,Reppaport,ereppaport7a@creativecommons.org,Female,150.145.227.129
264,Franny,Nuzzetti,fnuzzetti7b@unicef.org,Male,224.22.108.65
265,Ricky,Sambidge,rsambidge7c@washingtonpost.com,Female,71.40.55.77
266,Corney,Krinks,ckrinks7d@cafepress.com,Male,242.68.31.65
267,Terencio,Hentzeler,thentzeler7e@google.com.hk,Male,89.213.200.3
268,Ulrich,Jeffels,ujeffels7f@4shared.com,Male,45.111.230.92
269,Suzanne,Seaking,sseaking7g@macromedia.com,Female,213.151.218.31
270,Ase,Prevett,aprevett7h@photobucket.com,Male,36.224.195.11
271,Waiter,Hartmann,whartmann7i@xing.com,Male,105.62.181.38
272,Diann,Kurth,dkurth7j@ucla.edu,Female,246.120.161.19
273,Angie,Mulcaster,amulcaster7k@mozilla.org,Female,177.230.92.124
274,Rhea,Wrangle,rwrangle7l@vinaora.com,Female,250.189.203.5
275,Zarla,Trendle,ztrendle7m@de.vu,Female,129.66.180.11
276,Maryjane,Gummoe,mgummoe7n@creativecommons.org,Female,46.63.62.94
277,Jolie,Girhard,jgirhard7o@businessweek.com,Female,115.159.29.65
278,Pacorro,Lewnden,plewnden7p@scientificamerican.com,Male,164.8.146.77
279,Wyn,Bonwick,wbonwick7q@earthlink.net,Male,132.236.228.246
280,Elia,MacBey,emacbey7r@addtoany.com,Male,107.159.182.49
281,Lamond,Gaylor,lgaylor7s@uiuc.edu,Male,218.143.27.214
282,Emory,Everal,eeveral7t@home.pl,Male,180.30.26.181
283,Rayner,Meade,rmeade7u@cornell.edu,Male,60.139.177.88
284,Wanda,Pepperell,wpepperell7v@symantec.com,Female,82.59.136.67
285,Dione,Simoneau,dsimoneau7w@wunderground.com,Female,156.51.180.76
286,Ashleigh,Kinton,akinton7x@feedburner.com,Female,41.117.188.187
287,Oona,Grishelyov,ogrishelyov7y@wsj.com,Female,247.126.127.201
288,Maritsa,Rebichon,mrebichon7z@odnoklassniki.ru,Female,247.150.237.76
289,Cello,Bodycombe,cbodycombe80@amazon.com,Male,119.69.133.243
290,Thomasa,Pairpoint,tpairpoint81@state.tx.us,Female,23.116.140.78
291,Merrielle,Ibberson,mibberson82@livejournal.com,Female,16.72.85.210
292,Hadrian,Pottery,hpottery83@phoca.cz,Male,63.126.247.33
293,Eddie,Lubeck,elubeck84@histats.com,Male,96.119.37.254
294,Bernie,Dewing,bdewing85@reference.com,Male,223.247.142.232
295,Abelard,Barlie,abarlie86@sciencedirect.com,Male,239.64.131.87
296,Latashia,Rigney,lrigney87@prnewswire.com,Female,235.86.186.223
297,Jeno,Chaffen,jchaffen88@yelp.com,Male,136.88.147.109
298,Gary,Freeth,gfreeth89@europa.eu,Male,237.137.19.234
299,Mary,Sterley,msterley8a@jugem.jp,Female,207.53.66.89
300,Englebert,Cranch,ecranch8b@wsj.com,Male,141.131.123.23
301,Archie,Bohlsen,abohlsen8c@wisc.edu,Male,221.122.134.209
302,Zeke,Rubie,zrubie8d@cisco.com,Male,209.191.189.192
303,Coralie,Kirvin,ckirvin8e@discuz.net,Female,168.203.251.130
304,Haleigh,Buckbee,hbuckbee8f@boston.com,Male,188.85.250.90
305,Michail,Graben,mgraben8g@posterous.com,Male,140.94.70.16
306,Alexio,Heustace,aheustace8h@de.vu,Male,84.226.151.69
307,Gregoor,Brougham,gbrougham8i@slideshare.net,Male,88.204.161.211
308,Gaby,Dikles,gdikles8j@angelfire.com,Male,145.197.74.78
309,Lorrin,Goodwill,lgoodwill8k@ovh.net,Female,168.34.159.75
310,Madison,Englefield,menglefield8l@apache.org,Male,194.165.191.28
311,Yalonda,Duggen,yduggen8m@people.com.cn,Female,53.87.140.47
312,Cooper,Priscott,cpriscott8n@abc.net.au,Male,103.87.44.65
313,Glynis,Nayer,gnayer8o@spotify.com,Female,158.22.208.175
314,Heda,Thoms,hthoms8p@studiopress.com,Female,146.50.30.131
315,Celestyn,Walstow,cwalstow8q@npr.org,Female,155.220.53.217
316,Derick,Ryding,dryding8r@yelp.com,Male,14.122.180.106
317,Thaddus,Seifert,tseifert8s@biglobe.ne.jp,Male,64.48.29.218
318,Catie,Camoys,ccamoys8t@mac.com,Female,252.11.67.20
319,Bartholomeo,Heys,bheys8u@blinklist.com,Male,144.246.209.214
320,Aprilette,Bonnell,abonnell8v@who.int,Female,241.4.35.118
321,Tedd,Piwall,tpiwall8w@chronoengine.com,Male,183.233.178.34
322,Salem,Guinane,sguinane8x@gov.uk,Male,128.164.19.132
323,Alejandro,Joinsey,ajoinsey8y@gmpg.org,Male,248.140.52.30
324,Ignatius,Oxenford,ioxenford8z@cam.ac.uk,Male,140.209.29.246
325,Ranee,Dyble,rdyble90@facebook.com,Female,133.196.156.181
326,Aimee,Hollerin,ahollerin91@abc.net.au,Female,38.45.156.97
327,Seamus,Oke,soke92@squarespace.com,Male,166.140.25.173
328,Edythe,Henrie,ehenrie93@census.gov,Female,249.164.155.217
329,Burg,Shorbrook,bshorbrook94@skyrock.com,Male,172.28.126.113
330,Ebeneser,Romanin,eromanin95@yandex.ru,Male,96.126.56.232
331,Alexia,Durrett,adurrett96@washington.edu,Female,154.22.19.170
332,Eleen,Writer,ewriter97@ucla.edu,Female,130.158.42.137
333,Brittney,Calyton,bcalyton98@reuters.com,Female,235.198.171.207
334,Rozella,Ferrari,rferrari99@seattletimes.com,Female,28.133.4.196
335,Allianora,McCritchie,amccritchie9a@oracle.com,Female,55.67.125.40
336,Ossie,Olexa,oolexa9b@networkadvertising.org,Male,37.88.22.99
337,Janice,Deverson,jdeverson9c@histats.com,Female,160.45.49.224
338,Mallissa,Doxey,mdoxey9d@lycos.com,Female,164.27.141.107
339,Marten,Melding,mmelding9e@bloglovin.com,Male,67.130.147.179
340,Ryan,Lammin,rlammin9f@answers.com,Male,220.247.163.160
341,Percival,Holme,pholme9g@businessinsider.com,Male,25.181.211.61
342,Penny,Tithecote,ptithecote9h@upenn.edu,Female,107.61.46.35
343,Obidiah,Rippingall,orippingall9i@diigo.com,Male,91.82.231.237
344,Leanora,Blackham,lblackham9j@rediff.com,Female,193.88.164.123
345,Gussi,Weakley,gweakley9k@lulu.com,Female,206.65.222.97
346,Portie,Greatland,pgreatland9l@comcast.net,Male,234.155.90.129
347,Feliza,Wingfield,fwingfield9m@dion.ne.jp,Female,231.205.184.195
348,Debbi,Samart,dsamart9n@myspace.com,Female,130.65.183.15
349,Linda,Lupton,llupton9o@senate.gov,Female,88.216.64.134
350,Ave,Rings,arings9p@washington.edu,Male,242.246.86.230
351,Franciskus,Baylie,fbaylie9q@telegraph.co.uk,Male,94.87.189.11
352,Georgi,Follos,gfollos9r@skype.com,Male,228.254.163.241
353,Randall,Beebis,rbeebis9s@mtv.com,Male,87.147.101.172
354,Zebulen,Whitelaw,zwhitelaw9t@domainmarket.com,Male,196.167.0.171
355,Idelle,Capron,icapron9u@blogspot.com,Female,123.138.82.26
356,Amelina,McAughtrie,amcaughtrie9v@webmd.com,Female,28.177.25.27
357,Sephira,Myott,smyott9w@tinypic.com,Female,209.168.246.156
358,Gerri,Krishtopaittis,gkrishtopaittis9x@mayoclinic.com,Male,151.41.15.70
359,Joel,Judkins,jjudkins9y@earthlink.net,Male,49.195.190.118
360,Linea,Keeri,lkeeri9z@devhub.com,Female,190.81.80.0
361,Bevin,Habbal,bhabbala0@house.gov,Male,254.81.56.41
362,Emmy,Haborn,ehaborna1@marriott.com,Female,214.129.65.164
363,Lindsay,Gaines,lgainesa2@free.fr,Female,152.233.241.44
364,Theresa,Stothert,tstotherta3@hp.com,Female,167.99.246.3
365,Zuzana,Belham,zbelhama4@mit.edu,Female,244.103.174.242
366,Ursula,Greville,ugrevillea5@miibeian.gov.cn,Female,100.239.34.115
367,Piotr,Kirwin,pkirwina6@vimeo.com,Male,216.50.74.83
368,Vin,Aumerle,vaumerlea7@businessweek.com,Male,185.3.31.159
369,Gabbey,Labet,glabeta8@yellowbook.com,Female,92.208.46.251
370,Juliann,Constant,jconstanta9@cnet.com,Female,82.52.249.123
371,Kelwin,O' Hanvey,kohanveyaa@webmd.com,Male,177.188.106.5
372,Linnea,Sergeaunt,lsergeauntab@toplist.cz,Female,86.228.49.191
373,Osborne,Jeckell,ojeckellac@princeton.edu,Male,225.106.209.164
374,Andreas,Mill,amillad@rediff.com,Male,210.178.229.27
375,Rufus,Baumler,rbaumlerae@nationalgeographic.com,Male,183.38.150.37
376,Steffie,Leopold,sleopoldaf@senate.gov,Female,135.195.64.20
377,Roanna,Tithecott,rtithecottag@nytimes.com,Female,1.67.104.93
378,Ban,Gandy,bgandyah@thetimes.co.uk,Male,128.222.156.1
379,Gerty,McCuaig,gmccuaigai@altervista.org,Female,96.81.201.74
380,Elana,Burnsell,eburnsellaj@qq.com,Female,48.122.143.252
381,Gisella,Du Fray,gdufrayak@joomla.org,Female,70.161.48.161
382,Dell,Iorizzi,diorizzial@addtoany.com,Female,171.6.140.238
383,Brand,Ducarel,bducarelam@istockphoto.com,Male,151.226.220.96
384,Audi,Piatkow,apiatkowan@creativecommons.org,Female,40.209.113.120
385,Leif,Seamer,lseamerao@google.nl,Male,130.128.213.117
386,Agna,Goning,agoningap@hc360.com,Female,4.211.27.181
387,Filbert,Elphinstone,felphinstoneaq@bravesites.com,Male,112.168.2.229
388,Hephzibah,McLeoid,hmcleoidar@a8.net,Female,140.32.86.216
389,Mikol,Gatecliff,mgatecliffas@sfgate.com,Male,160.47.104.190
390,Nicolis,Kleinerman,nkleinermanat@comcast.net,Male,149.94.144.9
391,Leora,Rackley,lrackleyau@weibo.com,Female,207.193.27.228
392,Tania,Zavittieri,tzavittieriav@netscape.com,Female,235.89.62.71
393,Kelly,Bradfield,kbradfieldaw@shop-pro.jp,Female,34.43.3.198
394,Alysa,Broadbridge,abroadbridgeax@squarespace.com,Female,109.14.149.122
395,Kellia,Maplethorp,kmaplethorpay@woothemes.com,Female,189.20.224.68
396,Katusha,Kinleyside,kkinleysideaz@theatlantic.com,Female,150.162.133.139
397,Elwin,Middiff,emiddiffb0@altervista.org,Male,58.169.238.203
398,Orsola,Pirt,opirtb1@toplist.cz,Female,76.141.254.186
399,Ketti,Pandie,kpandieb2@domainmarket.com,Female,130.193.42.99
400,Saxon,Philipsohn,sphilipsohnb3@scientificamerican.com,Male,255.89.216.249
401,Kaine,Breston,kbrestonb4@usa.gov,Male,57.241.6.107
402,Adan,Cauldwell,acauldwellb5@w3.org,Female,178.173.198.187
403,Christabel,Newson,cnewsonb6@washingtonpost.com,Female,46.146.80.138
404,Sibeal,Coase,scoaseb7@samsung.com,Female,243.10.127.184
405,Belva,Wards,bwardsb8@nsw.gov.au,Female,45.175.161.113
406,Emmanuel,Goodall,egoodallb9@time.com,Male,26.238.78.2
407,Berrie,Ormiston,bormistonba@google.com,Female,90.25.227.244
408,Bartholomew,Lynam,blynambb@foxnews.com,Male,140.127.40.6
409,Bobbee,Blowfelde,bblowfeldebc@sogou.com,Female,251.241.183.56
410,Waldon,Tytcomb,wtytcombbd@ehow.com,Male,108.52.176.127
411,Constantina,Putnam,cputnambe@parallels.com,Female,191.47.203.144
412,Rice,Hoffman,rhoffmanbf@seesaa.net,Male,36.109.195.191
413,Quent,Bill,qbillbg@europa.eu,Male,15.218.69.34
414,Fawn,Bristoe,fbristoebh@examiner.com,Female,12.176.65.3
415,Chloe,Scarlon,cscarlonbi@latimes.com,Female,106.118.53.70
416,Ferguson,Leggis,fleggisbj@usgs.gov,Male,192.226.247.170
417,Lacy,Imlock,limlockbk@admin.ch,Female,8.181.64.57
418,Daffy,Bock,dbockbl@miitbeian.gov.cn,Female,29.212.19.2
419,Ervin,Hartrick,ehartrickbm@usatoday.com,Male,198.21.8.13
420,Christan,Hargrave,chargravebn@dmoz.org,Female,239.21.54.184
421,Chiarra,Postlewhite,cpostlewhitebo@tinypic.com,Female,182.75.243.91
422,Jenny,Sedgebeer,jsedgebeerbp@mayoclinic.com,Female,125.94.154.173
423,Lemmie,Carmont,lcarmontbq@google.com.hk,Male,105.32.155.26
424,Matilde,Rasell,mrasellbr@blogs.com,Female,222.251.190.27
425,Esther,Kem,ekembs@loc.gov,Female,65.46.104.116
426,Davide,Solway,dsolwaybt@simplemachines.org,Male,35.146.242.33
427,Zonda,Lebbon,zlebbonbu@about.com,Female,86.19.43.55
428,Marnia,Jeroch,mjerochbv@1und1.de,Female,127.121.221.11
429,Ware,Edgeley,wedgeleybw@nasa.gov,Male,24.212.184.179
430,Nicko,Dincke,ndinckebx@pcworld.com,Male,108.159.199.48
431,Candra,Bellin,cbellinby@utexas.edu,Female,200.229.201.245
432,Terence,Vernazza,tvernazzabz@irs.gov,Male,192.253.228.46
433,Skye,Hansard,shansardc0@imgur.com,Male,38.114.176.173
434,Zorine,Guillond,zguillondc1@tinyurl.com,Female,67.85.21.244
435,Mikaela,Wysome,mwysomec2@simplemachines.org,Female,217.146.28.245
436,Marney,Daud,mdaudc3@oaic.gov.au,Female,222.104.211.28
437,Sapphira,Bonellie,sbonelliec4@tamu.edu,Female,177.192.146.50
438,Jemimah,Clausen-Thue,jclausenthuec5@behance.net,Female,5.178.18.221
439,Clementius,Bentsen,cbentsenc6@netlog.com,Male,94.14.44.243
440,Shanta,Reaper,sreaperc7@com.com,Female,50.87.14.197
441,Flin,Andell,fandellc8@moonfruit.com,Male,126.166.13.253
442,Ingaberg,Clemenzo,iclemenzoc9@geocities.com,Female,172.175.212.111
443,Vanni,Rankmore,vrankmoreca@jalbum.net,Female,198.67.78.41
444,Marianne,Attenbrow,mattenbrowcb@sohu.com,Female,23.85.238.158
445,Rebecka,Jerok,rjerokcc@constantcontact.com,Female,154.160.153.112
446,Keefer,Quye,kquyecd@washingtonpost.com,Male,210.57.24.255
447,Aundrea,Fautley,afautleyce@wordpress.org,Female,18.178.48.206
448,Axe,Nary,anarycf@senate.gov,Male,114.230.163.239
449,Alex,Le Bosse,alebossecg@sourceforge.net,Male,17.131.127.217
450,Xenos,Sweetlove,xsweetlovech@nsw.gov.au,Male,122.148.164.30
451,La verne,Bernini,lberninici@github.io,Female,19.0.224.92
452,Nanette,Asmus,nasmuscj@nytimes.com,Female,131.242.202.238
453,Raffaello,Peek,rpeekck@4shared.com,Male,46.42.210.177
454,Romola,Madigan,rmadigancl@fastcompany.com,Female,248.156.242.245
455,Jodi,Bushby,jbushbycm@state.gov,Male,189.193.166.5
456,Shayne,Scyner,sscynercn@state.gov,Female,91.243.19.70
457,Rollin,Belin,rbelinco@alibaba.com,Male,42.53.216.229
458,Stewart,Vannah,svannahcp@psu.edu,Male,187.61.151.221
459,Gavan,Aronowitz,garonowitzcq@whitehouse.gov,Male,1.5.139.111
460,Sylas,Moylan,smoylancr@fema.gov,Male,218.78.125.52
461,Allene,Annets,aannetscs@sakura.ne.jp,Female,33.112.235.58
462,Candy,Yude,cyudect@skyrock.com,Female,10.135.181.180
463,Stu,Gipp,sgippcu@4shared.com,Male,9.72.32.148
464,Carlos,Saura,csauracv@nhs.uk,Male,244.88.118.101
465,Jermaine,Jarrell,jjarrellcw@nationalgeographic.com,Male,63.61.153.32
466,Tobe,Crossan,tcrossancx@vk.com,Male,94.157.149.9
467,Bertina,Skoggins,bskogginscy@flickr.com,Female,17.5.185.210
468,Travers,Beddoes,tbeddoescz@clickbank.net,Male,74.208.145.21
469,Aldridge,Santry,asantryd0@livejournal.com,Male,34.159.187.78
470,Jany,Cavil,jcavild1@gizmodo.com,Female,173.0.182.159
471,Alfonso,Grimstead,agrimsteadd2@disqus.com,Male,30.238.188.47
472,Janenna,Biesty,jbiestyd3@vimeo.com,Female,91.2.101.200
473,Maurie,Kilford,mkilfordd4@theguardian.com,Male,133.93.236.49
474,Melessa,Rosita,mrositad5@macromedia.com,Female,75.36.172.241
475,Duffie,Trenbay,dtrenbayd6@surveymonkey.com,Male,85.195.109.225
476,Enid,Weatherell,eweatherelld7@ow.ly,Female,126.43.45.225
477,Mel,Mulqueeny,mmulqueenyd8@chicagotribune.com,Male,149.196.156.6
478,Babbie,Oakenfield,boakenfieldd9@gravatar.com,Female,62.106.210.141
479,Del,Meaders,dmeadersda@uol.com.br,Female,138.247.61.35
480,Roland,Kirtland,rkirtlanddb@studiopress.com,Male,86.178.209.61
481,Clemente,Gillings,cgillingsdc@xing.com,Male,89.89.132.112
482,Klemens,Overbury,koverburydd@earthlink.net,Male,219.233.60.44
483,Simonne,Herion,sherionde@zimbio.com,Female,215.161.89.5
484,Lars,Eads,leadsdf@livejournal.com,Male,148.82.216.206
485,Salmon,Caustic,scausticdg@princeton.edu,Male,230.145.238.137
486,Odelle,Rooke,orookedh@youtube.com,Female,5.52.100.103
487,Early,Coldtart,ecoldtartdi@hostgator.com,Male,30.92.77.76
488,Teddi,Bode,tbodedj@hostgator.com,Female,116.135.175.29
489,Clemente,Bunyan,cbunyandk@tinypic.com,Male,192.132.246.15
490,Cordy,Billett,cbillettdl@homestead.com,Male,199.22.123.0
491,Hurley,Baudet,hbaudetdm@dell.com,Male,241.89.64.213
492,Angie,Troke,atrokedn@t.co,Female,187.218.231.244
493,Geri,Ofield,gofielddo@blogger.com,Male,48.5.235.81
494,Rosemarie,Elcoate,relcoatedp@webs.com,Female,199.40.64.16
495,Shanta,Kose,skosedq@sakura.ne.jp,Female,219.46.16.35
496,Jami,Phillcox,jphillcoxdr@hatena.ne.jp,Female,152.188.88.98
497,Rochella,Uc,rucds@vinaora.com,Female,178.202.196.254
498,Cherish,Wymer,cwymerdt@sfgate.com,Female,204.124.42.83
499,Flora,Grestye,fgrestyedu@oaic.gov.au,Female,35.20.78.122
500,Hussein,Coniam,hconiamdv@free.fr,Male,196.113.92.247
501,Levy,Lumby,llumbydw@bloglovin.com,Male,240.132.245.190
502,Bucky,Bick,bbickdx@nature.com,Male,50.207.114.247
503,Cece,Strettell,cstrettelldy@etsy.com,Male,98.244.43.73
504,Pearla,Waulker,pwaulkerdz@4shared.com,Female,168.237.71.37
505,Kerrill,Labroue,klabrouee0@ebay.co.uk,Female,77.114.76.12
506,Roddy,Andrews,randrewse1@sogou.com,Male,84.103.84.71
507,Rheba,Penning,rpenninge2@sakura.ne.jp,Female,33.103.113.255
508,Rainer,Jiggins,rjigginse3@squarespace.com,Male,118.222.191.33
509,Humberto,Vell,hvelle4@altervista.org,Male,23.123.17.29
510,Kurt,Gunby,kgunbye5@springer.com,Male,226.244.253.86
511,Simeon,Loweth,slowethe6@fema.gov,Male,157.7.242.171
512,Verine,Erangey,verangeye7@e-recht24.de,Female,115.227.246.242
513,Marin,Corroyer,mcorroyere8@canalblog.com,Female,76.68.210.207
514,Carline,Griswaite,cgriswaitee9@mediafire.com,Female,220.88.75.46
515,Zerk,Jantzen,zjantzenea@dell.com,Male,46.147.240.32
516,Wilton,Kohler,wkohlereb@omniture.com,Male,105.29.8.86
517,Berti,Rew,brewec@unblog.fr,Male,222.145.167.221
518,Izabel,Tuffell,ituffelled@independent.co.uk,Female,33.112.81.51
519,Hubey,Minchell,hminchellee@hatena.ne.jp,Male,160.10.51.38
520,Holly,Pieche,hpiecheef@ucoz.ru,Female,150.214.77.167
521,Opaline,Benns,obennseg@myspace.com,Female,109.144.197.26
522,Murdoch,Filyakov,mfilyakoveh@tmall.com,Male,116.70.134.96
523,Sonny,Willis,swillisei@lulu.com,Male,150.249.180.110
524,Ede,Jeffrey,ejeffreyej@ucoz.ru,Female,244.178.123.15
525,Hurlee,Wardhaw,hwardhawek@webmd.com,Male,233.4.65.137
526,Marlene,Donovan,mdonovanel@va.gov,Female,122.93.120.139
527,Vittorio,Rumgay,vrumgayem@issuu.com,Male,98.21.132.226
528,Denver,Rembrandt,drembrandten@eepurl.com,Male,66.150.73.133
529,Tully,Frier,tfriereo@miitbeian.gov.cn,Male,53.231.173.195
530,Fidelio,Huglin,fhuglinep@springer.com,Male,94.45.92.223
531,Vick,Mitchley,vmitchleyeq@surveymonkey.com,Male,254.23.185.37
532,Milena,Howie,mhowieer@webnode.com,Female,140.61.191.116
533,Fonz,Bolle,fbollees@gnu.org,Male,231.82.126.243
534,Innis,Lewty,ilewtyet@loc.gov,Male,114.222.147.68
535,Aurel,Loblie,aloblieeu@sciencedirect.com,Female,237.224.25.248
536,Annabal,MacRanald,amacranaldev@themeforest.net,Female,248.135.246.38
537,Lavinie,Le-Good,llegoodew@fotki.com,Female,144.61.196.60
538,Josiah,Bellefonte,jbellefonteex@pagesperso-orange.fr,Male,72.117.34.94
539,Pembroke,Dyneley,pdyneleyey@webs.com,Male,211.13.220.227
540,Hunter,Dalzell,hdalzellez@purevolume.com,Male,130.7.58.187
541,Marvin,Pasby,mpasbyf0@nbcnews.com,Male,99.105.141.107
542,Farlay,Fanning,ffanningf1@mlb.com,Male,250.133.32.4
543,Davon,Muzzlewhite,dmuzzlewhitef2@ycombinator.com,Male,17.35.211.57
544,Nealy,Flieger,nfliegerf3@trellian.com,Male,157.200.195.73
545,Gerhardine,Aird,gairdf4@blogger.com,Female,191.123.73.3
546,Rodrigo,Clemits,rclemitsf5@noaa.gov,Male,99.209.151.241
547,Nicola,Radbond,nradbondf6@printfriendly.com,Male,203.197.235.93
548,Annalee,Plank,aplankf7@google.ca,Female,90.227.122.103
549,Rorke,Deschlein,rdeschleinf8@wordpress.org,Male,251.234.228.60
550,Royal,Hobbema,rhobbemaf9@jalbum.net,Male,198.232.135.227
551,Ody,Polgreen,opolgreenfa@pcworld.com,Male,162.84.182.140
552,Aristotle,Nealand,anealandfb@blogs.com,Male,134.59.163.156
553,Tanner,Gobeau,tgobeaufc@domainmarket.com,Male,232.213.253.165
554,Codee,Dudny,cdudnyfd@miitbeian.gov.cn,Female,119.13.87.146
555,Maria,Snartt,msnarttfe@twitter.com,Female,6.163.241.29
556,Sidnee,Durning,sdurningff@admin.ch,Male,221.94.40.87
557,Tori,Dorrington,tdorringtonfg@cpanel.net,Female,187.20.117.201
558,Byran,Debnam,bdebnamfh@boston.com,Male,148.217.225.53
559,Candra,Ickeringill,cickeringillfi@nba.com,Female,7.193.169.31
560,Marley,O'Coskerry,mocoskerryfj@illinois.edu,Female,64.141.194.134
561,Lynde,Boydon,lboydonfk@fc2.com,Female,230.143.68.109
562,Teodoro,MacWhan,tmacwhanfl@census.gov,Male,253.17.88.227
563,Niall,Croker,ncrokerfm@fc2.com,Male,69.215.11.111
564,Chucho,Crossland,ccrosslandfn@moonfruit.com,Male,102.10.150.156
565,Connie,Macourek,cmacourekfo@woothemes.com,Male,199.232.24.183
566,Norby,Bowerbank,nbowerbankfp@netvibes.com,Male,148.100.79.212
567,Forrest,Bidewel,fbidewelfq@google.pl,Male,4.181.134.33
568,Demetris,Airth,dairthfr@bloglovin.com,Male,189.119.41.168
569,Julietta,Kerner,jkernerfs@mediafire.com,Female,93.51.250.8
570,Natalina,Mapholm,nmapholmft@plala.or.jp,Female,118.23.194.98
571,Mignon,Sincock,msincockfu@spotify.com,Female,213.177.192.90
572,Teddi,Dubois,tduboisfv@google.it,Female,221.137.45.100
573,Payton,Reignolds,preignoldsfw@51.la,Male,205.120.70.109
574,Karim,Colquete,kcolquetefx@seattletimes.com,Male,218.211.92.33
575,Bert,Boal,bboalfy@ihg.com,Female,231.101.105.139
576,Ester,Cossar,ecossarfz@jalbum.net,Female,149.22.239.83
577,Inger,Turrell,iturrellg0@nytimes.com,Male,86.10.180.6
578,Reider,Carlton,rcarltong1@jiathis.com,Male,145.98.149.149
579,Desiri,Danovich,ddanovichg2@1und1.de,Female,80.42.85.117
580,Barbaraanne,Biles,bbilesg3@columbia.edu,Female,234.178.35.24
581,Wilhelmine,Golston,wgolstong4@google.com.hk,Female,139.21.117.178
582,Jade,Kellard,jkellardg5@de.vu,Female,40.145.16.210
583,Lawton,Blyde,lblydeg6@bravesites.com,Male,71.58.191.59
584,Ethelyn,Ruger,erugerg7@skyrock.com,Female,243.21.103.205
585,Aland,Gronno,agronnog8@hostgator.com,Male,117.29.20.197
586,Barb,Wickie,bwickieg9@vk.com,Female,160.38.61.75
587,Estel,Beckham,ebeckhamga@ca.gov,Female,11.85.63.65
588,Courtney,Hendrichs,chendrichsgb@nba.com,Male,108.161.186.206
589,Aimee,Cairns,acairnsgc@yellowpages.com,Female,196.125.82.72
590,Petronille,Kidd,pkiddgd@archive.org,Female,102.222.78.160
591,Iain,Parnby,iparnbyge@tiny.cc,Male,158.124.167.19
592,Dana,Defraine,ddefrainegf@imageshack.us,Male,164.198.201.104
593,Tory,Kennford,tkennfordgg@hp.com,Female,53.165.74.126
594,Oona,Grabbam,ograbbamgh@drupal.org,Female,239.249.32.248
595,Quincey,Otteridge,qotteridgegi@msn.com,Male,52.243.181.53
596,Lyndel,Morman,lmormangj@china.com.cn,Female,218.109.46.168
597,Sebastien,McGlaud,smcglaudgk@google.nl,Male,69.138.2.188
598,Freeman,Verbeek,fverbeekgl@nba.com,Male,36.206.189.188
599,Cecile,Boulsher,cboulshergm@jalbum.net,Female,16.50.20.148
600,Richy,Curedell,rcuredellgn@example.com,Male,233.248.224.176
601,Aluino,Scannell,ascannellgo@wsj.com,Male,145.33.84.234
602,Marlie,Cheson,mchesongp@wikimedia.org,Female,90.215.24.120
603,Jeanette,Tovey,jtoveygq@howstuffworks.com,Female,110.190.28.67
604,Georgianna,Klaassens,gklaassensgr@upenn.edu,Female,12.122.250.51
605,Mommy,McCafferky,mmccafferkygs@pen.io,Female,224.175.71.98
606,Corinna,Gennings,cgenningsgt@auda.org.au,Female,57.97.170.48
607,Bathsheba,Semens,bsemensgu@springer.com,Female,193.72.214.74
608,Katusha,Gush,kgushgv@etsy.com,Female,87.226.94.161
609,Maxim,Assur,massurgw@sakura.ne.jp,Male,140.107.173.40
610,Urson,Soldner,usoldnergx@gov.uk,Male,113.15.254.207
611,Kingsly,Dakers,kdakersgy@t.co,Male,209.96.216.224
612,Nikita,Offin,noffingz@spiegel.de,Male,209.106.41.212
613,Jock,Febry,jfebryh0@cisco.com,Male,45.109.20.80
614,Gilbert,Skade,gskadeh1@wp.com,Male,184.78.95.58
615,Millie,Hazelton,mhazeltonh2@umn.edu,Female,216.188.242.247
616,Hallsy,Paviour,hpaviourh3@sphinn.com,Male,168.100.160.124
617,Winifield,Meconi,wmeconih4@bloglovin.com,Male,200.145.125.226
618,Pavel,Ivchenko,pivchenkoh5@sfgate.com,Male,193.137.255.29
619,Garry,Cookman,gcookmanh6@wunderground.com,Male,215.81.251.65
620,Robbert,Kisby,rkisbyh7@ca.gov,Male,65.120.252.176
621,Eugenio,MacCoughan,emaccoughanh8@cbslocal.com,Male,146.132.240.101
622,Gaven,Blaszkiewicz,gblaszkiewiczh9@foxnews.com,Male,87.252.106.5
623,Hervey,Klamp,hklampha@xinhuanet.com,Male,157.64.28.155
624,Wyn,Scutchings,wscutchingshb@va.gov,Male,171.78.120.178
625,Germaine,Fernyhough,gfernyhoughhc@ameblo.jp,Female,137.136.22.88
626,Malvina,Olwen,molwenhd@slate.com,Female,165.144.241.80
627,Heddie,Blakeman,hblakemanhe@huffingtonpost.com,Female,54.198.239.244
628,Kerk,Sibthorpe,ksibthorpehf@histats.com,Male,206.224.101.15
629,Bennie,Sutterby,bsutterbyhg@symantec.com,Male,146.13.138.193
630,Nerte,Kubasek,nkubasekhh@apache.org,Female,54.124.126.48
631,Cordie,Teall,cteallhi@hostgator.com,Female,98.137.253.97
632,Vivianne,Stowell,vstowellhj@techcrunch.com,Female,54.28.22.45
633,Griffy,Colliford,gcollifordhk@google.com.au,Male,67.233.162.220
634,Foss,Bach,fbachhl@psu.edu,Male,150.10.196.99
635,Lisabeth,Dunthorne,ldunthornehm@google.com.hk,Female,186.206.193.12
636,Jocelyne,Josskowitz,jjosskowitzhn@ftc.gov,Female,8.23.37.204
637,Wilek,McTague,wmctagueho@webnode.com,Male,247.144.57.225
638,Hubey,Paik,hpaikhp@godaddy.com,Male,33.74.162.200
639,Thatch,Gascone,tgasconehq@mashable.com,Male,251.126.20.143
640,Krystyna,Tourle,ktourlehr@soundcloud.com,Female,148.68.212.172
641,Nickola,Collin,ncollinhs@simplemachines.org,Male,58.235.131.52
642,Nerte,Marzelli,nmarzelliht@ustream.tv,Female,241.166.245.253
643,Creighton,Sharpley,csharpleyhu@cyberchimps.com,Male,240.31.239.72
644,Hillyer,Polley,hpolleyhv@seattletimes.com,Male,131.39.176.226
645,Codie,Cantillon,ccantillonhw@macromedia.com,Male,74.7.171.137
646,Lawry,Sugge,lsuggehx@seattletimes.com,Male,91.140.90.203
647,Josefina,Espinazo,jespinazohy@canalblog.com,Female,229.223.234.122
648,Gayla,Jacobowicz,gjacobowiczhz@sakura.ne.jp,Female,9.188.130.32
649,Gilemette,Cohan,gcohani0@nytimes.com,Female,209.215.1.165
650,Isahella,Deetlof,ideetlofi1@myspace.com,Female,95.174.189.232
651,Bevin,Capelow,bcapelowi2@vkontakte.ru,Male,49.68.118.129
652,Bondy,Kitney,bkitneyi3@patch.com,Male,188.16.211.223
653,Norry,Gidman,ngidmani4@istockphoto.com,Male,194.13.116.93
654,Rosabella,Schimank,rschimanki5@sciencedirect.com,Female,143.63.153.71
655,Stewart,Heibl,sheibli6@instagram.com,Male,201.79.214.50
656,Markos,McCroary,mmccroaryi7@livejournal.com,Male,163.228.251.53
657,Kiley,Blakeslee,kblakesleei8@senate.gov,Male,187.203.68.216
658,Martha,Jallin,mjallini9@netlog.com,Female,75.4.247.177
659,Dorris,Lansdale,dlansdaleia@sfgate.com,Female,10.146.4.74
660,Karylin,Stit,kstitib@umn.edu,Female,63.147.108.200
661,Tansy,Dade,tdadeic@kickstarter.com,Female,142.47.180.177
662,Molli,Edwards,medwardsid@biglobe.ne.jp,Female,58.182.234.85
663,Smitty,Burnell,sburnellie@stumbleupon.com,Male,157.1.124.117
664,Valentijn,Kerrod,vkerrodif@de.vu,Male,250.85.4.193
665,Jamill,Blodgetts,jblodgettsig@addtoany.com,Male,171.22.216.212
666,Kermit,Tumilty,ktumiltyih@desdev.cn,Male,145.94.27.27
667,Robbyn,Kleinmintz,rkleinmintzii@gravatar.com,Female,30.224.206.124
668,Fraser,Mc Meekin,fmcmeekinij@webmd.com,Male,176.28.169.115
669,Augy,Garth,agarthik@zdnet.com,Male,44.171.87.116
670,Derby,Costi,dcostiil@cargocollective.com,Male,132.226.154.228
671,Natty,Menpes,nmenpesim@goo.gl,Female,9.186.185.7
672,Kermit,Groll,kgrollin@dion.ne.jp,Male,105.11.226.185
673,Moss,Marmon,mmarmonio@github.io,Male,175.69.201.116
674,Marie-jeanne,Olivas,molivasip@europa.eu,Female,3.201.224.169
675,West,Brosoli,wbrosoliiq@bluehost.com,Male,97.125.164.155
676,Annabell,Rosario,arosarioir@nature.com,Female,45.153.92.227
677,Amby,Redwood,aredwoodis@usgs.gov,Male,86.151.159.225
678,Ethelred,Mingaud,emingaudit@aboutads.info,Male,108.77.157.201
679,Sarette,Shropshire,sshropshireiu@apache.org,Female,227.56.22.60
680,Suzie,Bateman,sbatemaniv@youtube.com,Female,242.187.169.75
681,Micky,Striker,mstrikeriw@4shared.com,Male,92.84.205.138
682,Artemis,Lambird,alambirdix@livejournal.com,Male,128.176.27.59
683,Mariellen,Fawdry,mfawdryiy@google.it,Female,176.8.245.10
684,Gene,Marham,gmarhamiz@hugedomains.com,Female,159.184.58.182
685,Elmira,Wevell,ewevellj0@europa.eu,Female,154.28.248.90
686,Eustacia,Klimkiewich,eklimkiewichj1@ameblo.jp,Female,219.89.138.47
687,Meier,Yaldren,myaldrenj2@disqus.com,Male,205.10.71.92
688,Robena,Jillis,rjillisj3@google.ru,Female,23.132.125.253
689,Perkin,Hellwing,phellwingj4@bravesites.com,Male,35.250.35.44
690,Beatrice,Akester,bakesterj5@marriott.com,Female,78.121.66.71
691,Natalie,Duffie,nduffiej6@google.com.au,Female,52.26.235.173
692,Janela,Spurrier,jspurrierj7@twitpic.com,Female,215.3.54.75
693,Ingelbert,Giovannacci,igiovannaccij8@xing.com,Male,245.124.227.64
694,Bastian,Parfitt,bparfittj9@barnesandnoble.com,Male,16.216.201.61
695,Frankie,Churches,fchurchesja@php.net,Male,218.176.32.155
696,Winona,Barniss,wbarnissjb@kickstarter.com,Female,95.71.170.60
697,Ozzy,Wagner,owagnerjc@goo.gl,Male,197.128.115.98
698,Arther,Flexman,aflexmanjd@reuters.com,Male,27.174.173.208
699,Kelby,Liveley,kliveleyje@linkedin.com,Male,112.99.13.112
700,Rockie,Randles,rrandlesjf@nydailynews.com,Male,121.59.39.155
701,Gabby,Howgate,ghowgatejg@ox.ac.uk,Male,126.73.219.233
702,Mariette,Kerry,mkerryjh@aboutads.info,Female,202.24.244.175
703,Isidro,Duthy,iduthyji@fastcompany.com,Male,206.212.128.103
704,Lise,Boshell,lboshelljj@github.com,Female,209.129.87.18
705,Denys,Clewley,dclewleyjk@abc.net.au,Female,49.108.195.25
706,Artur,Spivie,aspiviejl@craigslist.org,Male,96.176.174.253
707,Filippo,Riteley,friteleyjm@artisteer.com,Male,106.23.197.210
708,Dyanna,Purple,dpurplejn@geocities.jp,Female,224.216.113.54
709,Beryl,Tapton,btaptonjo@disqus.com,Female,57.2.121.51
710,Mack,Filippazzo,mfilippazzojp@hugedomains.com,Male,1.51.116.158
711,Caryn,Shinner,cshinnerjq@bloglovin.com,Female,170.2.43.192
712,Catina,Farnsworth,cfarnsworthjr@free.fr,Female,145.223.123.98
713,Annora,Eilers,aeilersjs@miitbeian.gov.cn,Female,130.148.164.17
714,Xerxes,Gabbetis,xgabbetisjt@apache.org,Male,249.28.121.95
715,Wilhelm,Bunston,wbunstonju@vistaprint.com,Male,131.135.20.88
716,Cosimo,Biscomb,cbiscombjv@cyberchimps.com,Male,202.231.229.71
717,Clement,Burner,cburnerjw@ovh.net,Male,28.172.120.178
718,Neale,Atyeo,natyeojx@clickbank.net,Male,229.246.112.208
719,Corly,Priestnall,cpriestnalljy@cbc.ca,Female,71.185.216.117
720,Rockwell,Micah,rmicahjz@soundcloud.com,Male,169.17.139.163
721,Tuck,Bannon,tbannonk0@typepad.com,Male,132.106.14.241
722,Loren,Dellenbrook,ldellenbrookk1@aboutads.info,Male,59.72.100.113
723,Bess,Rozycki,brozyckik2@ucla.edu,Female,252.122.108.198
724,Bria,Cumesky,bcumeskyk3@ask.com,Female,75.111.78.49
725,Cathy,Hrinchenko,chrinchenkok4@blog.com,Female,58.106.51.136
726,Corbet,Maycey,cmayceyk5@wunderground.com,Male,201.215.91.27
727,Quent,Kidby,qkidbyk6@dot.gov,Male,247.30.92.84
728,Gabrila,Hefferan,ghefferank7@twitter.com,Female,186.78.101.129
729,Wilona,Hum,whumk8@soup.io,Female,86.109.133.115
730,Roderigo,Landsborough,rlandsboroughk9@msn.com,Male,133.84.224.7
731,Erastus,Arnoldi,earnoldika@tripadvisor.com,Male,133.7.16.68
732,Edmon,Zum Felde,ezumfeldekb@state.tx.us,Male,196.79.94.195
733,Lizzy,Buckwell,lbuckwellkc@mysql.com,Female,91.150.152.39
734,Renaldo,Petzold,rpetzoldkd@hibu.com,Male,81.114.77.216
735,Dominick,Tryhorn,dtryhornke@google.co.jp,Male,214.141.170.249
736,Gilbertine,Christopher,gchristopherkf@sphinn.com,Female,169.254.126.242
737,Elroy,Jiricka,ejirickakg@nbcnews.com,Male,131.174.64.1
738,Bettina,Fritter,bfritterkh@is.gd,Female,181.128.199.105
739,Jamie,Sygrove,jsygroveki@blogtalkradio.com,Female,17.145.145.194
740,Maxy,Leete,mleetekj@reverbnation.com,Male,65.147.231.94
741,Nanine,Leicester,nleicesterkk@soup.io,Female,117.127.207.170
742,Wells,Gething,wgethingkl@edublogs.org,Male,47.40.245.185
743,Gerard,Wilks,gwilkskm@surveymonkey.com,Male,12.110.96.94
744,Mandie,Jacombs,mjacombskn@friendfeed.com,Female,140.79.206.70
745,Adda,Bilson,abilsonko@e-recht24.de,Female,95.195.56.96
746,Feodor,Farden,ffardenkp@chron.com,Male,236.133.214.158
747,Libbie,Vagg,lvaggkq@twitpic.com,Female,157.37.50.229
748,Tasha,Bridgland,tbridglandkr@blogs.com,Female,125.92.79.0
749,Mel,Barber,mbarberks@cpanel.net,Male,22.162.201.43
750,Ayn,Leathlay,aleathlaykt@surveymonkey.com,Female,47.88.182.102
751,Craig,Kezor,ckezorku@usnews.com,Male,96.74.204.188
752,Putnem,Ahlf,pahlfkv@abc.net.au,Male,72.92.44.144
753,Darill,Lawry,dlawrykw@mapquest.com,Male,34.60.148.229
754,Gustaf,Clulow,gclulowkx@buzzfeed.com,Male,188.14.68.24
755,Sharl,Power,spowerky@nasa.gov,Female,185.124.71.59
756,Kiel,Norssister,knorssisterkz@bigcartel.com,Male,97.28.113.90
757,Sancho,Heavens,sheavensl0@home.pl,Male,67.111.98.210
758,Tabbie,Bath,tbathl1@freewebs.com,Male,55.92.200.252
759,Rog,Semper,rsemperl2@webnode.com,Male,163.194.67.22
760,Bernette,Ludmann,bludmannl3@tripadvisor.com,Female,164.198.71.197
761,Blanch,Winton,bwintonl4@earthlink.net,Female,50.183.176.33
762,Freeland,MacGinley,fmacginleyl5@live.com,Male,42.84.159.101
763,Creight,Skone,cskonel6@adobe.com,Male,181.25.4.160
764,Gwyn,Kyngdon,gkyngdonl7@sfgate.com,Female,195.53.1.148
765,Sam,Battista,sbattistal8@artisteer.com,Female,249.99.105.43
766,Nani,Ibbison,nibbisonl9@mozilla.com,Female,59.151.97.43
767,Rosamund,Bilbrey,rbilbreyla@de.vu,Female,47.236.6.128
768,Carce,Huntriss,chuntrisslb@nbcnews.com,Male,44.178.97.143
769,Donall,Bridgen,dbridgenlc@ucsd.edu,Male,242.66.67.198
770,Elisha,Stannering,estanneringld@booking.com,Female,62.182.237.210
771,Alphard,Holcroft,aholcroftle@wikispaces.com,Male,37.222.233.102
772,Else,Kassman,ekassmanlf@admin.ch,Female,172.104.101.59
773,Sammy,Rabjohns,srabjohnslg@domainmarket.com,Male,221.47.187.149
774,Mohandis,Solland,msollandlh@joomla.org,Male,199.131.21.105
775,Lilly,Rodinger,lrodingerli@usda.gov,Female,43.9.97.74
776,Melva,Click,mclicklj@themeforest.net,Female,157.44.46.155
777,Yves,Pratton,yprattonlk@wiley.com,Male,73.209.222.172
778,Darrel,Yerrell,dyerrellll@shareasale.com,Male,204.16.104.53
779,Dev,Jollye,djollyelm@clickbank.net,Male,196.77.141.15
780,Rozalin,Di Meo,rdimeoln@de.vu,Female,229.11.105.137
781,Itch,Pettingall,ipettingalllo@sourceforge.net,Male,245.235.22.248
782,Cesaro,Teeney,cteeneylp@woothemes.com,Male,155.74.74.171
783,Rayna,Laphorn,rlaphornlq@photobucket.com,Female,36.169.32.185
784,Desmond,Hoolaghan,dhoolaghanlr@walmart.com,Male,169.76.71.172
785,Abbott,Paule,apaulels@state.gov,Male,132.156.36.213
786,Ricard,Ryam,rryamlt@amazon.co.jp,Male,167.175.41.68
787,Carilyn,Gaukroger,cgaukrogerlu@theguardian.com,Female,67.194.215.154
788,Johnny,Purvess,jpurvesslv@eventbrite.com,Male,155.31.236.94
789,Jody,Questier,jquestierlw@usa.gov,Male,242.148.128.190
790,Susana,McMeekan,smcmeekanlx@com.com,Female,44.140.37.33
791,Catherin,MacElroy,cmacelroyly@arizona.edu,Female,223.55.139.236
792,Cully,Lacknor,clacknorlz@yolasite.com,Male,140.117.138.118
793,Raimundo,Keable,rkeablem0@360.cn,Male,112.205.120.140
794,Marve,Freshwater,mfreshwaterm1@barnesandnoble.com,Male,1.73.181.207
795,Torrance,Billington,tbillingtonm2@psu.edu,Male,219.81.213.31
796,Eran,Glassford,eglassfordm3@gmpg.org,Female,219.171.42.107
797,Kat,Burgne,kburgnem4@squidoo.com,Female,2.46.90.190
798,Jenifer,Girardoni,jgirardonim5@blogspot.com,Female,73.57.27.150
799,Jennifer,Schiementz,jschiementzm6@ask.com,Female,158.225.22.252
800,Bea,Grog,bgrogm7@constantcontact.com,Female,62.5.247.56
801,Zilvia,Simonin,zsimoninm8@psu.edu,Female,187.232.139.3
802,Fania,Aizikowitz,faizikowitzm9@reverbnation.com,Female,102.159.24.80
803,Conny,Vigurs,cvigursma@google.nl,Male,107.147.109.117
804,Erma,Leahy,eleahymb@shinystat.com,Female,168.241.142.221
805,Dew,Bridgstock,dbridgstockmc@techcrunch.com,Male,239.192.51.16
806,Jasmin,Pygott,jpygottmd@hexun.com,Female,249.118.71.27
807,Adriena,Reek,areekme@disqus.com,Female,84.5.252.206
808,Rudie,Byars,rbyarsmf@barnesandnoble.com,Male,44.57.213.176
809,Noel,Gosney,ngosneymg@patch.com,Male,176.94.108.55
810,Woodrow,Stanyon,wstanyonmh@buzzfeed.com,Male,249.32.193.1
811,Levey,Tuting,ltutingmi@ow.ly,Male,32.148.206.210
812,Barde,Hartridge,bhartridgemj@goo.gl,Male,3.17.225.79
813,Sabine,Restorick,srestorickmk@google.fr,Female,172.179.225.215
814,Cesaro,Addington,caddingtonml@live.com,Male,138.5.98.100
815,Udall,Gipson,ugipsonmm@wix.com,Male,128.109.83.193
816,Roosevelt,Sealove,rsealovemn@unc.edu,Male,129.78.238.99
817,Leonhard,Agott,lagottmo@indiegogo.com,Male,150.214.62.152
818,Axe,Egginton,aeggintonmp@wisc.edu,Male,171.128.172.239
819,Petronella,Thwaites,pthwaitesmq@purevolume.com,Female,228.112.254.35
820,Ida,McGinney,imcginneymr@who.int,Female,1.169.234.98
821,Rees,St. Queintain,rstqueintainms@weebly.com,Male,144.146.239.183
822,Selestina,Covotto,scovottomt@theglobeandmail.com,Female,181.53.185.26
823,Isa,Ridesdale,iridesdalemu@addthis.com,Male,102.129.115.172
824,Clementina,MacCorkell,cmaccorkellmv@msu.edu,Female,39.229.233.78
825,Con,Robroe,crobroemw@sciencedaily.com,Male,161.160.4.240
826,Rhea,O'Loinn,roloinnmx@over-blog.com,Female,30.243.28.232
827,Ainsley,Eccleshare,aecclesharemy@telegraph.co.uk,Female,240.236.204.249
828,Marguerite,Kleinholz,mkleinholzmz@webnode.com,Female,150.0.91.70
829,Netty,Hewins,nhewinsn0@vk.com,Female,14.91.98.161
830,Bone,Hutley,bhutleyn1@europa.eu,Male,86.120.93.54
831,Chrisse,Baguley,cbaguleyn2@mac.com,Male,83.19.91.90
832,Alameda,Pauer,apauern3@addtoany.com,Female,240.95.26.12
833,Claudell,Silverson,csilversonn4@prnewswire.com,Male,32.170.181.137
834,Jesus,Hallstone,jhallstonen5@engadget.com,Male,68.36.43.138
835,Leone,Learned,llearnedn6@ihg.com,Female,86.22.59.216
836,Sterling,Leete,sleeten7@pbs.org,Male,255.47.196.243
837,Leif,Emslie,lemslien8@smugmug.com,Male,93.228.205.37
838,Ashley,Cawthorn,acawthornn9@berkeley.edu,Female,163.233.1.235
839,Lodovico,Doblin,ldoblinna@goo.ne.jp,Male,199.192.155.67
840,Vivienne,Edgerton,vedgertonnb@bbb.org,Female,215.153.42.163
841,Laird,Mattersey,lmatterseync@blogs.com,Male,91.19.158.164
842,Bobby,Sellors,bsellorsnd@addtoany.com,Male,79.254.238.44
843,Care,Jowsey,cjowseyne@usgs.gov,Male,208.123.211.184
844,Norean,Sprowson,nsprowsonnf@dmoz.org,Female,234.37.139.55
845,Valeda,Fentem,vfentemng@netvibes.com,Female,234.136.22.130
846,Giavani,Kenford,gkenfordnh@topsy.com,Male,166.165.139.174
847,Rick,Borborough,rborboroughni@harvard.edu,Male,154.9.30.39
848,Germain,Haken,ghakennj@mysql.com,Female,16.86.102.135
849,Drucy,Bilyard,dbilyardnk@xinhuanet.com,Female,170.165.77.25
850,Denny,Stit,dstitnl@constantcontact.com,Female,197.143.255.154
851,Cynthea,Sikora,csikoranm@homestead.com,Female,237.188.49.135
852,Nixie,Scoular,nscoularnn@cocolog-nifty.com,Female,183.171.50.113
853,Stephannie,Pagel,spagelno@google.es,Female,124.197.75.92
854,Grange,Deane,gdeanenp@storify.com,Male,18.0.65.82
855,Reilly,Allport,rallportnq@bbc.co.uk,Male,77.218.129.253
856,Agatha,Gellately,agellatelynr@baidu.com,Female,150.96.46.129
857,Donna,Keirl,dkeirlns@forbes.com,Female,205.21.13.223
858,Latrina,Pym,lpymnt@miibeian.gov.cn,Female,248.152.60.67
859,Dugald,Buyers,dbuyersnu@geocities.jp,Male,219.213.187.170
860,Cammi,Sheerin,csheerinnv@eventbrite.com,Female,166.77.128.76
861,Hyacinthie,Lerego,hleregonw@theguardian.com,Female,198.235.190.251
862,Nannie,Juhruke,njuhrukenx@statcounter.com,Female,78.191.47.54
863,Zacherie,Dormand,zdormandny@rambler.ru,Male,83.154.22.128
864,Chucho,Kluge,cklugenz@census.gov,Male,210.0.54.249
865,Emmalee,Burnhard,eburnhardo0@google.ca,Female,135.237.187.100
866,Stephanus,Meth,smetho1@php.net,Male,173.6.55.118
867,Bertrando,Pike,bpikeo2@imgur.com,Male,143.34.217.95
868,Tierney,Skyrm,tskyrmo3@odnoklassniki.ru,Female,1.62.86.244
869,Giorgio,Volcker,gvolckero4@ameblo.jp,Male,80.187.7.246
870,Tracy,Wilgar,twilgaro5@tmall.com,Female,227.67.115.88
871,Maxie,Reah,mreaho6@cam.ac.uk,Male,148.226.132.128
872,Balduin,Bootland,bbootlando7@google.ca,Male,8.44.64.107
873,Lazarus,Falla,lfallao8@desdev.cn,Male,125.193.150.20
874,Feliza,Scotchmoor,fscotchmooro9@de.vu,Female,198.210.86.102
875,Isidoro,Yon,iyonoa@360.cn,Male,215.255.162.3
876,Jamey,Robilart,jrobilartob@dmoz.org,Male,105.24.78.74
877,Hastie,Aldous,haldousoc@slashdot.org,Male,152.8.32.175
878,Kaiser,Macrae,kmacraeod@issuu.com,Male,173.105.167.105
879,Guthrie,Mazzilli,gmazzillioe@ehow.com,Male,252.243.30.92
880,Steffi,McCard,smccardof@discovery.com,Female,91.170.88.157
881,Ruth,Snowding,rsnowdingog@virginia.edu,Female,240.170.240.233
882,Findley,Blaske,fblaskeoh@discovery.com,Male,232.110.40.74
883,Avram,Srawley,asrawleyoi@sfgate.com,Male,114.200.154.178
884,Westley,Dallas,wdallasoj@wikispaces.com,Male,254.49.99.141
885,Quentin,Mesnard,qmesnardok@cbsnews.com,Female,47.66.237.123
886,Ingeberg,Genever,igeneverol@yellowpages.com,Female,192.23.180.162
887,Mikol,Wardhaw,mwardhawom@youku.com,Male,42.66.154.131
888,Leon,Kopta,lkoptaon@reddit.com,Male,140.40.39.241
889,Marcelle,Merrgen,mmerrgenoo@theglobeandmail.com,Female,204.207.4.6
890,Fredia,Richten,frichtenop@google.co.uk,Female,83.170.47.213
891,Claudius,Glenister,cglenisteroq@histats.com,Male,175.250.105.149
892,Geneva,Burnep,gburnepor@fda.gov,Female,128.97.6.170
893,Ramona,Lain,rlainos@nhs.uk,Female,218.212.252.161
894,Jaime,Trymme,jtrymmeot@g.co,Female,133.54.194.24
895,Nat,Sebley,nsebleyou@independent.co.uk,Male,136.34.154.20
896,Hillier,Canti,hcantiov@cpanel.net,Male,166.116.196.186
897,Delcine,Gransden,dgransdenow@google.com.hk,Female,46.121.153.2
898,Frankie,McGrath,fmcgrathox@mac.com,Female,216.83.249.167
899,Rosanna,Conibere,rconibereoy@phoca.cz,Female,66.206.242.213
900,Kathi,Kennaway,kkennawayoz@dedecms.com,Female,218.120.238.218
901,Joshua,Silly,jsillyp0@mozilla.com,Male,65.43.234.135
902,Shirl,Bogart,sbogartp1@psu.edu,Female,66.235.78.118
903,Susannah,Gillard,sgillardp2@nature.com,Female,105.174.188.70
904,Miquela,Braham,mbrahamp3@businessinsider.com,Female,218.201.16.76
905,Layne,Novik,lnovikp4@posterous.com,Female,34.230.153.70
906,Claudelle,Cheevers,ccheeversp5@typepad.com,Female,245.41.18.19
907,Dorie,McCorkell,dmccorkellp6@blinklist.com,Female,243.142.67.197
908,Elicia,Berick,eberickp7@nationalgeographic.com,Female,171.18.29.124
909,Dare,Longhorn,dlonghornp8@meetup.com,Male,66.201.7.158
910,Angelo,Piggford,apiggfordp9@bravesites.com,Male,6.106.180.49
911,Frankie,Ebbings,febbingspa@i2i.jp,Female,198.127.88.3
912,Whit,Jefferies,wjefferiespb@springer.com,Male,131.185.145.97
913,Max,Dyer,mdyerpc@cnbc.com,Female,164.76.225.114
914,Aldwin,Pearn,apearnpd@mediafire.com,Male,106.247.12.13
915,Erv,Gleadle,egleadlepe@google.com.hk,Male,249.4.67.202
916,Georgette,Pesticcio,gpesticciopf@pagesperso-orange.fr,Female,165.242.252.201
917,Missie,Cubbin,mcubbinpg@washingtonpost.com,Female,230.137.224.141
918,Hercule,Hatry,hhatryph@a8.net,Male,240.134.9.108
919,Blaine,Molohan,bmolohanpi@live.com,Male,84.78.7.56
920,Trixie,Mattosoff,tmattosoffpj@ucsd.edu,Female,253.197.185.47
921,Jessi,Settle,jsettlepk@thetimes.co.uk,Female,126.249.125.144
922,Modesty,Klass,mklasspl@1und1.de,Female,161.233.108.85
923,Evelin,Panchen,epanchenpm@aboutads.info,Male,129.53.82.187
924,Aube,Saturley,asaturleypn@ibm.com,Male,183.235.245.144
925,Edi,Emer,eemerpo@google.fr,Female,148.197.205.76
926,Stephi,Pridie,spridiepp@ehow.com,Female,210.230.6.243
927,Clo,Kalisch,ckalischpq@webeden.co.uk,Female,2.167.147.28
928,Zarla,Horley,zhorleypr@irs.gov,Female,102.0.154.189
929,Tades,Wyeth,twyethps@surveymonkey.com,Male,196.202.207.212
930,Merill,Dunn,mdunnpt@google.cn,Male,80.9.238.194
931,Monti,Marryatt,mmarryattpu@unblog.fr,Male,142.62.37.90
932,Cornelius,Santino,csantinopv@unicef.org,Male,146.10.142.169
933,Thebault,Gawith,tgawithpw@cyberchimps.com,Male,24.143.245.98
934,Maribel,Fosten,mfostenpx@tamu.edu,Female,107.161.4.14
935,Malory,Bickford,mbickfordpy@jimdo.com,Female,118.110.248.132
936,Randolf,Gayforth,rgayforthpz@joomla.org,Male,137.49.131.252
937,Clifford,Hailes,chailesq0@dmoz.org,Male,68.33.25.255
938,Antoine,Lopes,alopesq1@cdbaby.com,Male,95.89.33.111
939,Vallie,Phipp,vphippq2@yahoo.com,Female,89.218.175.10
940,Natala,Hagyard,nhagyardq3@about.me,Female,149.251.121.202
941,Shaine,Rolf,srolfq4@globo.com,Female,109.237.206.16
942,Elane,Champney,echampneyq5@amazonaws.com,Female,179.111.31.35
943,Wilow,Tregea,wtregeaq6@stumbleupon.com,Female,97.231.158.205
944,Corinna,Heard,cheardq7@cmu.edu,Female,193.224.113.237
945,Franchot,McOwen,fmcowenq8@nytimes.com,Male,147.110.116.71
946,Caitrin,O'Lyhane,colyhaneq9@irs.gov,Female,152.165.242.164
947,Jarret,O'Curneen,jocurneenqa@w3.org,Male,189.119.180.148
948,Ricardo,Schutt,rschuttqb@bloomberg.com,Male,20.33.175.58
949,Shelley,Yellowlees,syellowleesqc@sourceforge.net,Female,164.144.35.123
950,Sterne,Swiers,sswiersqd@fastcompany.com,Male,72.140.61.184
951,Francesca,Reihill,freihillqe@imageshack.us,Female,46.132.77.5
952,Gerhardine,Bool,gboolqf@mtv.com,Female,242.14.244.60
953,Merry,Scarlan,mscarlanqg@bravesites.com,Female,90.71.77.164
954,Isabel,Rattenberie,irattenberieqh@ocn.ne.jp,Female,49.28.255.81
955,Claudian,Keggins,ckegginsqi@newyorker.com,Male,36.208.235.42
956,Gray,Weatherhill,gweatherhillqj@123-reg.co.uk,Male,83.183.122.18
957,Stillman,Fashion,sfashionqk@topsy.com,Male,227.213.78.226
958,Birgit,Eckh,beckhql@virginia.edu,Female,218.2.186.150
959,Case,Wellen,cwellenqm@paginegialle.it,Male,110.159.249.229
960,Phedra,Gwillim,pgwillimqn@bigcartel.com,Female,97.96.169.5
961,Leroi,Kenvin,lkenvinqo@globo.com,Male,2.122.234.103
962,Blythe,Gleadle,bgleadleqp@domainmarket.com,Female,141.123.177.116
963,Kitty,Blannin,kblanninqq@latimes.com,Female,142.175.16.207
964,Cathrine,Reven,crevenqr@nsw.gov.au,Female,178.119.223.101
965,Gay,Rechert,grechertqs@youku.com,Female,88.58.87.120
966,Vergil,Buchan,vbuchanqt@ebay.co.uk,Male,119.14.168.83
967,Ritchie,Perassi,rperassiqu@nasa.gov,Male,240.140.170.243
968,Cherey,Tendahl,ctendahlqv@dedecms.com,Female,180.72.79.253
969,Estrella,Jennens,ejennensqw@home.pl,Female,92.28.252.219
970,Aguste,Hadeke,ahadekeqx@51.la,Male,133.213.88.229
971,Herman,Soans,hsoansqy@bloglovin.com,Male,141.174.162.113
972,Jacklin,Jervois,jjervoisqz@discovery.com,Female,21.63.199.71
973,Concordia,Danbury,cdanburyr0@typepad.com,Female,8.241.7.223
974,Gennie,Selcraig,gselcraigr1@harvard.edu,Female,7.124.166.178
975,Collie,Millington,cmillingtonr2@surveymonkey.com,Female,26.63.16.71
976,Kay,Westrey,kwestreyr3@google.fr,Female,83.165.217.198
977,Mary,Avarne,mavarner4@oakley.com,Female,249.157.43.50
978,Town,Heaker,theakerr5@redcross.org,Male,50.207.49.173
979,Charlean,Farres,cfarresr6@tuttocitta.it,Female,29.217.176.151
980,Phaidra,Calan,pcalanr7@hibu.com,Female,247.244.89.111
981,Nanci,Jime,njimer8@csmonitor.com,Female,41.80.204.78
982,Efrem,Medlin,emedlinr9@weibo.com,Male,168.83.6.101
983,Parrnell,Randal,prandalra@china.com.cn,Male,166.186.99.22
984,Dasie,Ablitt,dablittrb@usnews.com,Female,238.251.110.248
985,Onfre,Yewdall,oyewdallrc@berkeley.edu,Male,218.102.177.210
986,Burg,McIlraith,bmcilraithrd@trellian.com,Male,90.78.240.149
987,Idalia,Toppes,itoppesre@wired.com,Female,81.13.32.56
988,Iorgo,Prisk,ipriskrf@addthis.com,Male,58.40.247.67
989,Earvin,Braine,ebrainerg@cnet.com,Male,35.131.245.19
990,Randolph,Buchett,rbuchettrh@nifty.com,Male,217.231.18.43
991,Filia,Worton,fwortonri@creativecommons.org,Female,99.92.166.169
992,Shaun,Hissett,shissettrj@de.vu,Female,228.111.199.61
993,Merrick,Slevin,mslevinrk@vistaprint.com,Male,250.134.95.250
994,Edwin,Oaten,eoatenrl@com.com,Male,179.38.193.187
995,Bill,Loadwick,bloadwickrm@thetimes.co.uk,Male,142.68.3.69
996,Carlie,McHan,cmchanrn@taobao.com,Male,64.186.27.211
997,Flore,Fendt,ffendtro@toplist.cz,Female,248.247.161.206
998,Benji,O'Hengerty,bohengertyrp@sogou.com,Male,212.233.46.187
999,Beverly,Goard,bgoardrq@sciencedirect.com,Female,104.254.174.8
1000,Janel,Gley,jgleyrr@nature.com,Female,165.174.154.28
