id,first_name,last_name,email,gender,ip_address
1,Rod,Wishart,rwishart0@forbes.com,Male,211.215.12.191
2,Ramonda,Iggalden,riggalden1@hao123.com,Female,47.110.42.119
3,Tobye,Bointon,tbointon2@forbes.com,Female,78.227.209.112
4,Gladi,D'Oyly,gdoyly3@admin.ch,Female,155.43.248.62
5,Bronny,Shapiro,bshapiro4@craigslist.org,Male,198.6.126.219
6,Jo,Bonafant,jbonafant5@diigo.com,Male,215.75.1.74
7,Waly,Rosina,wrosina6@fema.gov,Female,165.91.49.21
8,Viva,Grichukhanov,vgrichukhanov7@plala.or.jp,Female,248.45.241.218
9,Christophorus,Wilkinson,cwilkinson8@desdev.cn,Male,61.246.171.115
10,Tiphanie,Douche,tdouche9@etsy.com,Female,183.86.137.83
11,Dun,Soloway,dsolowaya@dell.com,Male,164.203.11.181
12,Forrest,Christene,fchristeneb@squidoo.com,Male,156.24.34.62
13,Egor,Close,eclosec@cyberchimps.com,Male,83.120.141.172
14,Zarah,Whyman,zwhymand@state.gov,Female,70.183.15.195
15,Kennith,Manifould,kmanifoulde@earthlink.net,Male,67.65.218.173
16,Cedric,Klassmann,cklassmannf@posterous.com,Male,14.14.62.191
17,Gaspard,Anstis,ganstisg@themeforest.net,Male,95.25.103.220
18,Carolee,O'Ruane,coruaneh@blinklist.com,Female,101.38.163.160
19,Andrea,Leindecker,aleindeckeri@dmoz.org,Male,243.219.30.34
20,Zaneta,Brownell,zbrownellj@jiathis.com,Female,72.97.25.52
21,Tiertza,Jakucewicz,tjakucewiczk@studiopress.com,Female,44.115.166.230
22,Aubry,McElree,amcelreel@narod.ru,Female,62.222.127.199
23,Krystle,Dollard,kdollardm@exblog.jp,Female,97.163.142.9
24,Hermy,Collar,hcollarn@mtv.com,Male,80.63.26.253
25,Denis,Simonnin,dsimonnino@harvard.edu,Male,127.160.42.239
26,Felipe,Canas,fcanasp@squidoo.com,Male,225.155.135.101
27,Leodora,Sertin,lsertinq@microsoft.com,Female,125.18.25.11
28,Nikos,Prettyman,nprettymanr@usatoday.com,Male,143.224.120.25
29,Benjy,Giacomoni,bgiacomonis@amazon.co.uk,Male,129.150.36.50
30,Phebe,Marriott,pmarriottt@imgur.com,Female,86.253.191.99
31,Katrinka,Maryin,kmaryinu@cnbc.com,Female,60.108.197.80
32,Carma,Joust,cjoustv@163.com,Female,104.129.72.210
33,Aurel,Vasic,avasicw@bing.com,Female,225.72.0.206
34,Pearla,Rastrick,prastrickx@merriam-webster.com,Female,123.119.81.253
35,Stillmann,Pavie,spaviey@webs.com,Male,51.62.25.62
36,Sebastiano,Heugle,sheuglez@g.co,Male,162.236.93.131
37,Eddy,Ostler,eostler10@pbs.org,Male,137.85.13.126
38,Ailsun,Baggett,abaggett11@youtube.com,Female,199.22.53.122
39,Madalena,Haack,mhaack12@microsoft.com,Female,169.160.18.106
40,Berkie,Corr,bcorr13@photobucket.com,Male,203.75.103.129
41,Felicia,Yarrow,fyarrow14@soup.io,Female,153.32.144.79
42,Annabell,Depport,adepport15@moonfruit.com,Female,136.115.109.35
43,Korry,MacAiline,kmacailine16@live.com,Female,215.216.23.219
44,Amaleta,O'Neill,aoneill17@acquirethisname.com,Female,242.222.161.153
45,Bryanty,McClintock,bmcclintock18@booking.com,Male,22.59.242.135
46,Robb,Toothill,rtoothill19@toplist.cz,Male,207.30.179.126
47,Yancy,Feldbaum,yfeldbaum1a@who.int,Male,26.201.125.184
48,Allegra,Grigorini,agrigorini1b@naver.com,Female,202.170.102.83
49,Mab,Benech,mbenech1c@trellian.com,Female,68.153.87.126
50,Tate,Limerick,tlimerick1d@csmonitor.com,Female,137.145.235.108
51,Artie,Robson,arobson1e@nyu.edu,Male,71.81.111.138
52,Den,Caramuscia,dcaramuscia1f@buzzfeed.com,Male,57.49.19.202
53,Dolf,Haddleton,dhaddleton1g@nymag.com,Male,172.1.199.89
54,Teresa,Backen,tbacken1h@usgs.gov,Female,86.35.165.22
55,Demeter,Farfalameev,dfarfalameev1i@blogspot.com,Female,96.244.97.59
56,Mandi,Robilart,mrobilart1j@blogger.com,Female,112.135.159.118
57,Diena,Georges,dgeorges1k@alexa.com,Female,117.111.68.37
58,Reinhard,McQuode,rmcquode1l@geocities.jp,Male,21.185.209.248
59,Nadeen,Moody,nmoody1m@privacy.gov.au,Female,98.93.110.52
60,Winni,Hiddy,whiddy1n@businesswire.com,Female,33.135.53.96
61,Sophia,Cornewell,scornewell1o@adobe.com,Female,219.230.212.28
62,Merwin,Odell,modell1p@weibo.com,Male,147.60.231.72
63,Kara,Moggle,kmoggle1q@virginia.edu,Female,232.131.202.236
64,Barri,D'Aulby,bdaulby1r@furl.net,Male,172.37.99.187
65,Walt,Renehan,wrenehan1s@epa.gov,Male,248.88.16.225
66,Pavlov,Hugueville,phugueville1t@bbb.org,Male,170.26.75.52
67,Hanson,Gommowe,hgommowe1u@kickstarter.com,Male,186.221.240.147
68,Igor,Butson,ibutson1v@cbc.ca,Male,202.232.145.94
69,Jennee,Hedylstone,jhedylstone1w@psu.edu,Female,143.125.245.221
70,Dilly,Najera,dnajera1x@hc360.com,Male,226.72.46.21
71,Benedetto,Treen,btreen1y@ask.com,Male,16.119.32.15
72,Lynnea,Hixson,lhixson1z@senate.gov,Female,174.23.151.96
73,Hannis,Bisacre,hbisacre20@va.gov,Female,146.27.246.161
74,Danie,Speachley,dspeachley21@goo.gl,Male,69.9.128.90
75,Thedric,Ianne,tianne22@huffingtonpost.com,Male,140.96.89.62
76,Manny,Atkins,matkins23@phoca.cz,Male,92.124.176.230
77,Chucho,Stroder,cstroder24@mashable.com,Male,57.247.71.216
78,Tybalt,Callard,tcallard25@yellowpages.com,Male,36.15.244.132
79,Chilton,Cregin,ccregin26@hostgator.com,Male,3.163.31.208
80,Zorana,Fiddy,zfiddy27@feedburner.com,Female,163.130.31.172
81,Chaunce,Ciccerale,cciccerale28@nydailynews.com,Male,23.116.253.177
82,Hally,Hay,hhay29@devhub.com,Female,92.10.179.63
83,Delainey,Phaup,dphaup2a@blinklist.com,Male,100.209.28.190
84,Leyla,Chalice,lchalice2b@nasa.gov,Female,248.115.239.24
85,Darla,Caris,dcaris2c@behance.net,Female,151.17.19.155
86,Cristionna,Sang,csang2d@hhs.gov,Female,198.63.101.249
87,Costanza,Hanmore,chanmore2e@gravatar.com,Female,101.120.84.128
88,Rosemary,Waplington,rwaplington2f@unesco.org,Female,139.220.104.158
89,Petr,Abramow,pabramow2g@issuu.com,Male,145.147.65.21
90,Barnett,Eccleshall,beccleshall2h@seattletimes.com,Male,77.163.238.125
91,Ursala,Broschke,ubroschke2i@nifty.com,Female,227.144.180.202
92,Dasha,Pretor,dpretor2j@naver.com,Female,65.137.67.237
93,Christopher,Turbayne,cturbayne2k@1688.com,Male,117.94.26.235
94,Lorie,Hesbrook,lhesbrook2l@nytimes.com,Female,131.252.205.66
95,Lonni,Gunthorpe,lgunthorpe2m@oaic.gov.au,Female,139.157.200.152
96,Berke,Conquer,bconquer2n@sciencedaily.com,Male,92.128.42.135
97,Sara-ann,Scraggs,sscraggs2o@blogs.com,Female,233.11.141.187
98,Marjorie,Brogioni,mbrogioni2p@i2i.jp,Female,169.35.177.27
99,Onofredo,Gillmor,ogillmor2q@seattletimes.com,Male,90.108.119.155
100,Kirbie,Penswick,kpenswick2r@seattletimes.com,Female,55.94.145.2
101,Jamima,McReynold,jmcreynold2s@nbcnews.com,Female,77.2.142.21
102,Edy,Marc,emarc2t@mapquest.com,Female,217.243.35.227
103,Shoshana,Terne,sterne2u@wunderground.com,Female,47.74.236.47
104,Linn,Ashbridge,lashbridge2v@apache.org,Male,194.72.93.6
105,Nisse,Rundall,nrundall2w@ox.ac.uk,Female,238.99.44.80
106,Callie,Hamberston,chamberston2x@oaic.gov.au,Female,251.246.161.199
107,Anatole,Spincks,aspincks2y@chicagotribune.com,Male,108.123.136.212
108,Kerry,Glisenan,kglisenan2z@ucla.edu,Female,78.49.121.125
109,Lina,Frearson,lfrearson30@disqus.com,Female,29.144.48.235
110,Vannie,Tinton,vtinton31@nyu.edu,Female,244.22.71.193
111,Phineas,Cumine,pcumine32@google.com.au,Male,211.186.58.199
112,Griffin,Mattiussi,gmattiussi33@unicef.org,Male,100.22.66.181
113,Freedman,Caldwell,fcaldwell34@vimeo.com,Male,102.166.168.253
114,Carver,De Bruyne,cdebruyne35@twitter.com,Male,72.106.135.119
115,Benjie,Lillecrop,blillecrop36@smh.com.au,Male,211.62.43.156
116,Dulci,O'Cullen,docullen37@eepurl.com,Female,70.128.71.130
117,Madelon,Dennes,mdennes38@gov.uk,Female,132.220.125.82
118,Ambur,Coatman,acoatman39@phpbb.com,Female,3.173.100.64
119,Dicky,Pink,dpink3a@sourceforge.net,Male,106.197.56.174
120,Artie,Bert,abert3b@sakura.ne.jp,Male,27.139.72.169
121,Ronnie,Killen,rkillen3c@angelfire.com,Female,122.156.80.58
122,Vern,Corre,vcorre3d@google.fr,Male,133.185.216.22
123,Jacob,Lichtfoth,jlichtfoth3e@tuttocitta.it,Male,137.40.39.10
124,Arleta,Scowen,ascowen3f@ifeng.com,Female,15.214.178.115
125,Jessamine,Tottem,jtottem3g@google.de,Female,35.50.225.215
126,Jefferson,MacDermid,jmacdermid3h@storify.com,Male,104.255.11.253
127,Raviv,Tupp,rtupp3i@ucoz.com,Male,128.214.144.204
128,Mattheus,Kornes,mkornes3j@scientificamerican.com,Male,86.232.89.156
129,Betsy,Orchart,borchart3k@gmpg.org,Female,212.77.185.71
130,Becki,Pocklington,bpocklington3l@rambler.ru,Female,247.184.153.253
131,Nichol,Persence,npersence3m@cnet.com,Female,55.204.140.242
132,Jan,Takis,jtakis3n@furl.net,Female,113.23.45.109
133,Jodie,Waldera,jwaldera3o@mail.ru,Male,95.166.75.37
134,Cosimo,Helder,chelder3p@columbia.edu,Male,16.207.146.193
135,Devina,Crocombe,dcrocombe3q@live.com,Female,136.9.73.179
136,Jonah,McKirdy,jmckirdy3r@tumblr.com,Male,162.211.118.249
137,Dolley,Atwool,datwool3s@cargocollective.com,Female,65.113.86.199
138,Kevyn,Nunns,knunns3t@baidu.com,Female,25.111.32.139
139,Igor,Widdowfield,iwiddowfield3u@bbb.org,Male,111.166.201.21
140,Perri,Laroux,plaroux3v@japanpost.jp,Female,19.125.175.171
141,Jethro,Nisbet,jnisbet3w@ted.com,Male,146.253.179.178
142,Christi,Mynott,cmynott3x@pbs.org,Female,142.140.196.4
143,Johannes,Dabbes,jdabbes3y@feedburner.com,Male,23.34.38.235
144,Jamison,Orlton,jorlton3z@unesco.org,Male,26.171.183.221
145,Sayre,Devonald,sdevonald40@nature.com,Female,240.100.139.248
146,Odelia,Slowgrove,oslowgrove41@joomla.org,Female,93.241.111.171
147,Cort,Cluley,ccluley42@omniture.com,Male,225.162.173.191
148,Alexandros,Kerin,akerin43@hubpages.com,Male,88.10.231.169
149,Jamison,Sarjent,jsarjent44@cisco.com,Male,221.34.23.188
150,Ario,Ridpath,aridpath45@123-reg.co.uk,Male,37.83.194.221
151,Tootsie,Tytcomb,ttytcomb46@sbwire.com,Female,123.29.136.49
152,Emelita,Jerrom,ejerrom47@free.fr,Female,100.111.17.159
153,Fanya,Thoday,fthoday48@delicious.com,Female,16.6.216.21
154,Lorena,Barca,lbarca49@blogger.com,Female,33.8.226.44
155,Desiree,Minelli,dminelli4a@java.com,Female,188.130.68.138
156,Farra,Canadine,fcanadine4b@facebook.com,Female,51.68.189.163
157,Gustavo,Meltetal,gmeltetal4c@spotify.com,Male,139.42.35.24
158,Sephira,Haggett,shaggett4d@apache.org,Female,241.214.140.4
159,Claiborne,Lipp,clipp4e@qq.com,Male,161.148.39.10
160,Hestia,Buswell,hbuswell4f@mac.com,Female,148.214.151.45
161,Nikoletta,Franies,nfranies4g@mashable.com,Female,85.88.127.212
162,Anderea,Toquet,atoquet4h@hp.com,Female,52.126.142.86
163,Krissie,Sivill,ksivill4i@amazon.com,Female,14.146.78.166
164,Nobe,MacMychem,nmacmychem4j@fc2.com,Male,12.37.98.88
165,Griffin,Stemp,gstemp4k@bloglines.com,Male,254.46.66.159
166,Bevon,Ewbanks,bewbanks4l@tmall.com,Male,50.208.166.207
167,Giavani,Goddert.sf,ggoddertsf4m@whitehouse.gov,Male,131.13.58.246
168,Ginni,Renault,grenault4n@sohu.com,Female,156.200.152.180
169,Kimberlee,Rabbitts,krabbitts4o@rediff.com,Female,225.125.30.70
170,Duane,Spreckley,dspreckley4p@un.org,Male,217.168.142.108
171,Gracia,Iacobassi,giacobassi4q@photobucket.com,Female,109.116.212.177
172,Guinna,Cello,gcello4r@yolasite.com,Female,78.202.205.176
173,Gard,Palphreyman,gpalphreyman4s@harvard.edu,Male,132.255.45.223
174,Arleta,Coutthart,acoutthart4t@dagondesign.com,Female,64.153.163.97
175,Astrix,Stollsteimer,astollsteimer4u@blogs.com,Female,168.170.103.37
176,Anatol,Filipov,afilipov4v@amazon.co.jp,Male,210.251.222.66
177,Madge,Salmond,msalmond4w@pbs.org,Female,222.170.246.33
178,Feliks,Salkild,fsalkild4x@netscape.com,Male,155.0.242.189
179,Fergus,Aronow,faronow4y@ca.gov,Male,79.168.4.236
180,Noble,Nestle,nnestle4z@icq.com,Male,210.60.28.45
181,Bernardine,Gresley,bgresley50@nytimes.com,Female,59.29.171.206
182,Wadsworth,Colvie,wcolvie51@acquirethisname.com,Male,208.210.172.226
183,Daloris,Grishankov,dgrishankov52@vimeo.com,Female,240.210.41.67
184,Carter,Highton,chighton53@cmu.edu,Male,213.42.126.62
185,Julita,Lawless,jlawless54@drupal.org,Female,94.198.246.43
186,Jeramey,Silmon,jsilmon55@craigslist.org,Male,217.253.41.102
187,Christiane,Bolderson,cbolderson56@51.la,Female,31.53.159.228
188,Ariella,Vasile,avasile57@illinois.edu,Female,177.76.29.95
189,Levon,Creyke,lcreyke58@twitpic.com,Male,119.140.182.212
190,Chantalle,Lumly,clumly59@state.gov,Female,222.192.250.59
191,Philbert,Budd,pbudd5a@miibeian.gov.cn,Male,133.24.62.43
192,Neysa,Angove,nangove5b@wufoo.com,Female,50.179.224.162
193,Leeann,Semechik,lsemechik5c@howstuffworks.com,Female,174.17.254.237
194,Diandra,Wealleans,dwealleans5d@squidoo.com,Female,198.162.9.234
195,Catie,Godwyn,cgodwyn5e@google.co.uk,Female,80.189.182.210
196,Rogerio,Hekkert,rhekkert5f@lycos.com,Male,150.251.160.111
197,Gretna,Michieli,gmichieli5g@chron.com,Female,81.77.23.101
198,Creigh,Speed,cspeed5h@cornell.edu,Male,77.89.114.155
199,Tabitha,Legging,tlegging5i@irs.gov,Female,148.173.222.106
200,Cass,O' Faherty,cofaherty5j@nyu.edu,Male,80.4.217.191
201,Kendell,Mandrey,kmandrey5k@telegraph.co.uk,Male,163.82.136.178
202,Estella,Yurukhin,eyurukhin5l@nbcnews.com,Female,153.146.157.247
203,Orton,Lammerding,olammerding5m@behance.net,Male,116.186.96.161
204,Enrique,Bambridge,ebambridge5n@aol.com,Male,50.185.55.149
205,Selinda,Lilleycrop,slilleycrop5o@biblegateway.com,Female,150.249.185.177
206,Bronny,Beneix,bbeneix5p@mtv.com,Male,76.116.115.69
207,Ulla,Braffington,ubraffington5q@java.com,Female,247.48.233.192
208,Troy,Selland,tselland5r@sakura.ne.jp,Male,116.161.236.39
209,Ernestus,Hullins,ehullins5s@hubpages.com,Male,11.29.135.67
210,Jolee,Redish,jredish5t@google.de,Female,111.170.87.179
211,Devonne,Jaslem,djaslem5u@google.ru,Female,72.46.148.233
212,Bee,Frankling,bfrankling5v@hc360.com,Female,116.111.7.138
213,Janeczka,Huet,jhuet5w@flickr.com,Female,52.73.219.16
214,Juliann,Latter,jlatter5x@gov.uk,Female,241.145.130.10
215,Aubrie,Domleo,adomleo5y@sfgate.com,Female,144.80.177.228
216,Tobie,Ponter,tponter5z@cnn.com,Male,32.16.201.55
217,Alanson,Higford,ahigford60@ihg.com,Male,166.218.73.159
218,Garth,Aumerle,gaumerle61@hp.com,Male,104.245.89.130
219,Vittorio,Beaten,vbeaten62@theguardian.com,Male,65.235.76.161
220,Franni,Sisnett,fsisnett63@apple.com,Female,253.67.22.222
221,Xerxes,Rehorek,xrehorek64@squarespace.com,Male,135.105.151.137
222,Nicola,Ludlem,nludlem65@illinois.edu,Female,73.129.82.187
223,Cybill,Manklow,cmanklow66@wikispaces.com,Female,233.205.121.105
224,Stearn,Goane,sgoane67@china.com.cn,Male,22.178.24.40
225,Clo,Minichillo,cminichillo68@mapy.cz,Female,70.217.229.250
226,Dudley,Roggeman,droggeman69@fema.gov,Male,200.81.75.72
227,Leonore,Monckton,lmonckton6a@ted.com,Female,47.28.121.178
228,Iggy,Collcott,icollcott6b@chicagotribune.com,Male,30.156.249.53
229,Humfrey,Balch,hbalch6c@multiply.com,Male,114.119.81.178
230,Erskine,Siward,esiward6d@studiopress.com,Male,127.180.180.172
231,Blondell,Askin,baskin6e@hud.gov,Female,44.8.70.226
232,Ariel,Catlow,acatlow6f@zimbio.com,Female,142.79.130.176
233,Spence,Prin,sprin6g@csmonitor.com,Male,4.81.55.95
234,Allix,Chang,achang6h@odnoklassniki.ru,Female,38.161.145.128
235,Bartolomeo,Wadly,bwadly6i@oracle.com,Male,25.217.181.60
236,Rhianon,Derges,rderges6j@zdnet.com,Female,192.118.9.188
237,Gweneth,Ewbanks,gewbanks6k@ehow.com,Female,45.125.121.184
238,Catharina,Couthard,ccouthard6l@ucoz.ru,Female,18.206.78.89
239,Wilfrid,Ibbs,wibbs6m@odnoklassniki.ru,Male,108.2.240.245
240,Tory,Arnaudon,tarnaudon6n@nytimes.com,Female,184.197.121.134
241,Pietra,Bantham,pbantham6o@blinklist.com,Female,63.45.230.30
242,Gertrud,Allender,gallender6p@yellowbook.com,Female,168.101.150.180
243,Robenia,Burkhill,rburkhill6q@blogs.com,Female,41.200.74.54
244,Cybil,Skuse,cskuse6r@xinhuanet.com,Female,84.47.84.21
245,Lorens,Rucklesse,lrucklesse6s@telegraph.co.uk,Male,142.168.49.123
246,Anni,Little,alittle6t@tamu.edu,Female,249.246.7.113
247,Neall,Shipcott,nshipcott6u@rakuten.co.jp,Male,180.147.247.163
248,Ericha,Fencott,efencott6v@arstechnica.com,Female,89.152.171.2
249,Tabby,Gallatly,tgallatly6w@usa.gov,Female,107.191.53.100
250,Germaine,Horley,ghorley6x@studiopress.com,Male,106.205.75.17
251,Cory,Limpkin,climpkin6y@boston.com,Female,180.147.157.20
252,Shelden,Treneer,streneer6z@buzzfeed.com,Male,69.146.63.33
253,Carol,Laurenz,claurenz70@people.com.cn,Female,195.142.229.229
254,Flo,Lang,flang71@epa.gov,Female,156.219.242.196
255,Barrie,Eliff,beliff72@etsy.com,Female,200.44.34.233
256,Thelma,Kryszkiecicz,tkryszkiecicz73@gov.uk,Female,171.81.79.194
257,Horton,Kreber,hkreber74@51.la,Male,71.187.70.2
258,Jo,Lindelof,jlindelof75@timesonline.co.uk,Male,229.237.36.65
259,Felix,Docharty,fdocharty76@google.ru,Male,116.2.32.128
260,Kaiser,Tompkiss,ktompkiss77@marketwatch.com,Male,197.89.6.253
261,Lane,Phillot,lphillot78@wiley.com,Male,10.22.190.187
262,Elsy,Bennett,ebennett79@example.com,Female,220.76.196.193
263,Leyla,Mincini,lmincini7a@ifeng.com,Female,50.39.189.121
264,Daniella,Alessandone,dalessandone7b@dailymotion.com,Female,226.105.2.125
265,Prudi,Orsi,porsi7c@discovery.com,Female,59.99.213.46
266,Marcella,Tarbert,mtarbert7d@google.de,Female,47.163.34.167
267,Margi,Gillogley,mgillogley7e@bbb.org,Female,231.112.227.171
268,Leland,Desaur,ldesaur7f@unc.edu,Male,108.23.71.75
269,Chaunce,Agutter,cagutter7g@theglobeandmail.com,Male,138.133.40.74
270,Jecho,Donizeau,jdonizeau7h@mediafire.com,Male,219.102.225.212
271,Sonnnie,Beartup,sbeartup7i@chron.com,Female,218.129.140.152
272,Stearn,Findlater,sfindlater7j@youtu.be,Male,7.228.205.186
273,Lola,Hackworthy,lhackworthy7k@t.co,Female,208.212.106.196
274,Nonnah,Heber,nheber7l@toplist.cz,Female,180.75.22.60
275,Brendis,Hasley,bhasley7m@bbb.org,Male,101.13.27.111
276,Thornton,Layburn,tlayburn7n@nba.com,Male,211.162.239.94
277,Grace,Dann,gdann7o@blogger.com,Female,60.125.85.243
278,Reid,Ranscomb,rranscomb7p@purevolume.com,Male,153.147.227.209
279,Norman,Temporal,ntemporal7q@pen.io,Male,78.187.43.121
280,Jill,Vettore,jvettore7r@etsy.com,Female,73.167.163.44
281,Jacquette,Giles,jgiles7s@mapy.cz,Female,92.239.240.46
282,Towny,Moatt,tmoatt7t@barnesandnoble.com,Male,29.169.30.193
283,Deedee,Edrich,dedrich7u@amazon.de,Female,159.102.187.82
284,Baryram,Stinchcombe,bstinchcombe7v@pinterest.com,Male,176.102.246.40
285,Winonah,Laxston,wlaxston7w@fastcompany.com,Female,88.144.130.129
286,Kelly,Botwright,kbotwright7x@jiathis.com,Female,242.184.18.49
287,Allyn,Goulder,agoulder7y@toplist.cz,Female,149.193.33.122
288,Nissie,Bartoli,nbartoli7z@moonfruit.com,Female,184.104.149.123
289,Chickie,Whebell,cwhebell80@skype.com,Male,212.250.89.90
290,Vernice,Bonnier,vbonnier81@wordpress.org,Female,170.129.202.28
291,Linn,Ludlam,lludlam82@domainmarket.com,Male,211.163.75.232
292,Yulma,Elward,yelward83@storify.com,Male,2.247.211.40
293,Carly,Sappy,csappy84@bloglovin.com,Male,200.154.184.6
294,Damara,Wurz,dwurz85@columbia.edu,Female,58.34.38.30
295,Pieter,McClary,pmcclary86@ow.ly,Male,234.133.252.242
296,Xever,McCluin,xmccluin87@skyrock.com,Male,179.110.95.41
297,Dana,Richford,drichford88@flavors.me,Male,247.162.209.183
298,Burt,Hazeltine,bhazeltine89@newyorker.com,Male,162.153.242.76
299,Rachael,Fynes,rfynes8a@wiley.com,Female,54.62.12.116
300,Hamlin,Andreev,handreev8b@indiatimes.com,Male,247.222.223.233
301,Lindsy,Joddins,ljoddins8c@amazon.co.jp,Female,165.166.143.62
302,Hamlen,Burchard,hburchard8d@cloudflare.com,Male,212.125.149.230
303,Timotheus,Dronsfield,tdronsfield8e@geocities.com,Male,23.201.235.26
304,Oralee,Chevis,ochevis8f@163.com,Female,62.39.214.204
305,Sanford,Gaiford,sgaiford8g@huffingtonpost.com,Male,232.87.244.178
306,Dorelle,Burdis,dburdis8h@live.com,Female,214.188.40.194
307,Cordy,Penelli,cpenelli8i@ucoz.ru,Male,227.163.254.9
308,Corty,Nannizzi,cnannizzi8j@prnewswire.com,Male,132.229.197.20
309,Lotty,Goman,lgoman8k@scribd.com,Female,121.246.107.159
310,Georgeanna,Vorley,gvorley8l@redcross.org,Female,26.141.36.211
311,Marisa,Hubball,mhubball8m@ihg.com,Female,143.195.31.10
312,Livy,Brotherhead,lbrotherhead8n@nifty.com,Female,185.54.108.91
313,Germaine,Massingberd,gmassingberd8o@goo.ne.jp,Female,148.115.126.204
314,Brandais,Spincks,bspincks8p@msu.edu,Female,27.89.92.19
315,Torrin,Mallinder,tmallinder8q@intel.com,Male,0.173.163.231
316,Lorry,Rooksby,lrooksby8r@microsoft.com,Male,111.99.44.18
317,Rebbecca,Rentoll,rrentoll8s@whitehouse.gov,Female,106.230.39.240
318,Erasmus,Tampion,etampion8t@trellian.com,Male,3.1.20.109
319,Lurette,McCartan,lmccartan8u@51.la,Female,56.4.221.207
320,Ilsa,Kobera,ikobera8v@shop-pro.jp,Female,7.111.202.203
321,Vern,Antosik,vantosik8w@cpanel.net,Male,39.84.50.130
322,Devlen,Solly,dsolly8x@example.com,Male,164.217.25.134
323,Karine,Adelsberg,kadelsberg8y@netlog.com,Female,101.87.63.69
324,Paige,Regorz,pregorz8z@economist.com,Female,95.121.252.15
325,Leena,Berrisford,lberrisford90@so-net.ne.jp,Female,108.187.4.132
326,Oneida,Cotgrave,ocotgrave91@arstechnica.com,Female,206.222.102.204
327,Catarina,Roly,croly92@shutterfly.com,Female,27.29.240.50
328,Alison,Effaunt,aeffaunt93@nih.gov,Female,225.141.147.233
329,Cobbie,Tace,ctace94@dedecms.com,Male,142.83.231.67
330,Ernie,Kopman,ekopman95@nydailynews.com,Male,56.210.153.231
331,Garek,L'Homme,glhomme96@google.de,Male,13.35.37.48
332,Camila,Brunskill,cbrunskill97@princeton.edu,Female,40.224.235.54
333,Neel,Speek,nspeek98@wikipedia.org,Male,142.53.206.93
334,Emmye,Nuttey,enuttey99@digg.com,Female,49.178.63.156
335,Langsdon,Axup,laxup9a@epa.gov,Male,154.96.80.96
336,Wayland,Hadeke,whadeke9b@stanford.edu,Male,218.229.159.126
337,Rafaellle,Elsmor,relsmor9c@wix.com,Male,207.72.176.79
338,Keely,Cadney,kcadney9d@myspace.com,Female,197.203.105.214
339,Merv,McCosh,mmccosh9e@weather.com,Male,90.235.124.244
340,Leanora,Doche,ldoche9f@nyu.edu,Female,149.237.2.93
341,Ruttger,Ondrusek,rondrusek9g@paypal.com,Male,155.55.124.154
342,Gillan,Kitley,gkitley9h@blogspot.com,Female,204.33.248.0
343,Abby,Ingolotti,aingolotti9i@nih.gov,Female,3.80.73.103
344,Theodore,Assender,tassender9j@gnu.org,Male,98.235.214.162
345,Mathian,Elgee,melgee9k@mediafire.com,Male,127.197.246.72
346,Joannes,Colvie,jcolvie9l@reverbnation.com,Female,61.157.231.215
347,Veda,MacGilrewy,vmacgilrewy9m@dailymail.co.uk,Female,234.168.141.61
348,Charmain,Firebrace,cfirebrace9n@discovery.com,Female,24.57.209.235
349,Ruddie,Gaskin,rgaskin9o@icq.com,Male,5.189.36.122
350,Saudra,Hewson,shewson9p@huffingtonpost.com,Female,200.222.186.92
351,Crystal,Phil,cphil9q@reddit.com,Female,185.76.160.81
352,Kate,Rushforth,krushforth9r@lycos.com,Female,255.113.126.89
353,Jasun,Detoile,jdetoile9s@google.co.uk,Male,217.110.180.26
354,Cyrillus,Simmonite,csimmonite9t@java.com,Male,161.221.107.151
355,Renell,Hoyle,rhoyle9u@google.es,Female,228.24.20.117
356,Cristi,Cottell,ccottell9v@harvard.edu,Female,190.135.31.152
357,Adriaens,Hubach,ahubach9w@123-reg.co.uk,Female,168.104.191.209
358,Davis,Hodge,dhodge9x@washingtonpost.com,Male,58.225.129.26
359,Susana,Blight,sblight9y@gizmodo.com,Female,254.183.252.124
360,Kevyn,Eberst,keberst9z@tripod.com,Female,183.169.149.143
361,Averyl,Broadnicke,abroadnickea0@unc.edu,Female,37.195.79.204
362,Maryjane,Crass,mcrassa1@com.com,Female,218.27.107.88
363,Carol-jean,Bockmann,cbockmanna2@virginia.edu,Female,220.167.113.141
364,Eran,Inglish,einglisha3@friendfeed.com,Female,120.182.61.208
365,Martelle,Simonsson,msimonssona4@storify.com,Female,252.202.38.86
366,Franny,Fiddian,ffiddiana5@wp.com,Male,72.135.234.56
367,Shurwood,Feavearyear,sfeavearyeara6@so-net.ne.jp,Male,226.13.164.134
368,Farley,Rumble,frumblea7@devhub.com,Male,74.100.55.161
369,Kerry,Shephard,kshepharda8@yahoo.com,Male,11.217.133.31
370,Rowen,Paschek,rpascheka9@columbia.edu,Male,169.80.232.30
371,Auroora,Holleworth,aholleworthaa@slideshare.net,Female,28.203.75.72
372,Dorolice,Feldmann,dfeldmannab@webeden.co.uk,Female,162.25.180.62
373,Piotr,Hastelow,phastelowac@nationalgeographic.com,Male,147.247.33.206
374,Boigie,Bensen,bbensenad@weibo.com,Male,124.185.63.146
375,Obidiah,Ondrak,oondrakae@wordpress.org,Male,182.196.38.71
376,Jacques,Sealand,jsealandaf@eventbrite.com,Male,27.67.115.135
377,Hasty,McGuffog,hmcguffogag@mit.edu,Male,118.201.160.113
378,Gamaliel,Hully,ghullyah@mapy.cz,Male,33.230.141.127
379,Michelina,Welbrock,mwelbrockai@si.edu,Female,10.153.228.192
380,Kally,Comfort,kcomfortaj@ed.gov,Female,250.39.137.124
381,Ardeen,Reuble,areubleak@tinyurl.com,Female,121.178.114.14
382,Hastings,Jansson,hjanssonal@theatlantic.com,Male,186.83.102.62
383,Weylin,Wethers,wwethersam@businesswire.com,Male,238.21.247.5
384,Tilda,Labeuil,tlabeuilan@google.com.br,Female,201.25.106.143
385,Vilma,Stickings,vstickingsao@cargocollective.com,Female,201.31.117.62
386,Marketa,Goghin,mgoghinap@zimbio.com,Female,105.97.235.157
387,Edin,Wasmer,ewasmeraq@about.com,Female,154.18.5.191
388,Lorrin,Iscowitz,liscowitzar@ted.com,Female,66.196.98.67
389,Chilton,Ast,castas@pagesperso-orange.fr,Male,159.227.77.69
390,Arline,Khrishtafovich,akhrishtafovichat@goo.ne.jp,Female,20.13.132.203
391,Nichole,Byas,nbyasau@nytimes.com,Female,251.128.247.38
392,Teresa,Crannell,tcrannellav@github.com,Female,154.10.146.99
393,Mildred,Bellocht,mbellochtaw@usatoday.com,Female,120.111.31.112
394,Conchita,Bazelle,cbazelleax@craigslist.org,Female,208.7.99.245
395,Thatcher,Ketts,tkettsay@state.tx.us,Male,191.184.31.248
396,Farleigh,Manger,fmangeraz@mac.com,Male,1.135.148.132
397,Silas,Battershall,sbattershallb0@boston.com,Male,21.206.61.136
398,Prudi,Cancellieri,pcancellierib1@biblegateway.com,Female,247.19.93.23
399,Cordie,Vaszoly,cvaszolyb2@princeton.edu,Female,172.107.132.233
400,Hanna,Guiton,hguitonb3@hhs.gov,Female,89.19.51.68
401,Wilmette,Danks,wdanksb4@bloglovin.com,Female,240.10.70.20
402,Shelden,Emblow,semblowb5@google.com.br,Male,52.183.9.229
403,Daisi,Stoodale,dstoodaleb6@flavors.me,Female,209.217.15.35
404,Simon,Chatburn,schatburnb7@a8.net,Male,75.61.75.57
405,Georgina,Lapwood,glapwoodb8@csmonitor.com,Female,39.152.195.205
406,Burke,Hitzke,bhitzkeb9@nhs.uk,Male,146.130.142.88
407,Dona,Buckner,dbucknerba@yellowpages.com,Female,4.137.173.60
408,Terrence,Dohrmann,tdohrmannbb@cafepress.com,Male,128.102.232.117
409,Ashlie,Crosskill,acrosskillbc@booking.com,Female,239.143.35.165
410,Phillipe,Verrier,pverrierbd@epa.gov,Male,57.171.88.32
411,Ludovika,Lovejoy,llovejoybe@upenn.edu,Female,68.253.202.129
412,Andros,McCusker,amccuskerbf@prlog.org,Male,212.171.158.135
413,Ezechiel,Iacovozzo,eiacovozzobg@etsy.com,Male,69.144.244.228
414,Pandora,Binney,pbinneybh@ameblo.jp,Female,39.209.25.207
415,Brigg,Keeting,bkeetingbi@zimbio.com,Male,89.127.108.42
416,Adham,Kenneway,akennewaybj@barnesandnoble.com,Male,235.121.121.170
417,Zilvia,Brockest,zbrockestbk@npr.org,Female,101.249.118.0
418,Broderic,Murdy,bmurdybl@indiatimes.com,Male,115.77.127.177
419,Tammi,Cruddace,tcruddacebm@shareasale.com,Female,128.45.193.58
420,Mikey,Weatherdon,mweatherdonbn@patch.com,Male,4.8.163.215
421,Elvira,Garrad,egarradbo@newyorker.com,Female,217.162.9.9
422,Verena,Ludlem,vludlembp@parallels.com,Female,87.179.13.100
423,Alonzo,Moroney,amoroneybq@google.ru,Male,35.214.233.8
424,Matti,Dumsday,mdumsdaybr@oaic.gov.au,Female,172.30.94.120
425,Kellie,Desson,kdessonbs@bing.com,Female,79.147.33.173
426,Padriac,Shipston,pshipstonbt@reference.com,Male,208.15.163.112
427,Eli,Postgate,epostgatebu@utexas.edu,Male,203.169.50.60
428,Haskel,Slyde,hslydebv@netlog.com,Male,157.74.142.115
429,Auguste,Abramovicz,aabramoviczbw@last.fm,Female,229.43.171.28
430,Sherrie,Khosa,skhosabx@ft.com,Female,165.4.12.31
431,Zebulen,Bramwich,zbramwichby@mozilla.com,Male,206.222.5.147
432,Creight,Robelin,crobelinbz@bloglines.com,Male,58.255.165.11
433,Maighdiln,Sinclair,msinclairc0@tiny.cc,Female,173.248.169.18
434,Harmony,Griffey,hgriffeyc1@ycombinator.com,Female,60.60.21.210
435,Austin,Wickendon,awickendonc2@a8.net,Male,89.97.65.102
436,Iris,Bulpitt,ibulpittc3@shinystat.com,Female,95.31.84.59
437,Sergeant,Yole,syolec4@apache.org,Male,179.203.227.120
438,Sylvester,Latham,slathamc5@mashable.com,Male,40.138.132.107
439,Baird,Allibone,ballibonec6@smh.com.au,Male,175.245.96.64
440,Andris,Leadston,aleadstonc7@thetimes.co.uk,Male,60.7.168.233
441,Lauren,Farfull,lfarfullc8@icq.com,Male,255.250.246.137
442,Donnamarie,Climar,dclimarc9@tmall.com,Female,161.200.58.139
443,Orly,Wevell,owevellca@weibo.com,Female,254.128.41.208
444,Kimmy,Paver,kpavercb@posterous.com,Female,192.195.223.36
445,Marnie,Pennicott,mpennicottcc@nasa.gov,Female,106.17.203.29
446,Tynan,Spurritt,tspurrittcd@wisc.edu,Male,170.215.115.10
447,Dal,MacFaell,dmacfaellce@jigsy.com,Male,132.64.26.171
448,Lammond,Sommerling,lsommerlingcf@fc2.com,Male,51.67.183.188
449,Rubi,Yoakley,ryoakleycg@vimeo.com,Female,102.166.198.151
450,Albina,Heaysman,aheaysmanch@instagram.com,Female,226.122.183.0
451,Elvira,Axelbee,eaxelbeeci@walmart.com,Female,60.161.138.119
452,Andra,Hunston,ahunstoncj@go.com,Female,60.254.53.64
453,Shanie,Winckle,swinckleck@live.com,Female,137.115.0.120
454,Alistair,Copland,acoplandcl@bbc.co.uk,Male,18.233.20.230
455,Mohandis,Pitkins,mpitkinscm@vinaora.com,Male,22.207.203.153
456,Sonia,Bartul,sbartulcn@oracle.com,Female,31.230.20.106
457,Babs,Staddom,bstaddomco@newyorker.com,Female,67.146.131.25
458,Lyndsey,Geldart,lgeldartcp@tinypic.com,Female,242.2.120.61
459,Cobbie,Balding,cbaldingcq@linkedin.com,Male,20.53.36.243
460,Berna,Cisson,bcissoncr@example.com,Female,134.246.132.96
461,Tammy,Bloore,tbloorecs@ovh.net,Male,163.213.53.27
462,Chickie,Hauch,chauchct@tuttocitta.it,Male,226.255.248.70
463,Shauna,Tillot,stillotcu@studiopress.com,Female,222.136.196.197
464,Freddy,Anderson,fandersoncv@wordpress.com,Male,125.234.255.67
465,Alexio,Aguirre,aaguirrecw@senate.gov,Male,151.211.146.165
466,Ricoriki,Butfield,rbutfieldcx@t.co,Male,50.54.80.219
467,Virginie,Markie,vmarkiecy@ftc.gov,Female,84.156.172.196
468,Terza,Kelledy,tkelledycz@nature.com,Female,54.132.39.237
469,Honoria,Liversedge,hliversedged0@facebook.com,Female,226.40.47.246
470,Ellissa,Bodimeade,ebodimeaded1@miibeian.gov.cn,Female,64.210.0.57
471,Marlow,Hudson,mhudsond2@globo.com,Male,33.233.113.117
472,Noelyn,Habert,nhabertd3@deliciousdays.com,Female,169.165.119.198
473,Gerladina,Westbury,gwestburyd4@google.pl,Female,3.225.254.29
474,Shanna,Luckwell,sluckwelld5@omniture.com,Female,238.145.181.146
475,Calla,Fanstone,cfanstoned6@examiner.com,Female,197.68.160.45
476,Saraann,Brandenberg,sbrandenbergd7@hp.com,Female,78.230.12.185
477,Lacey,Sharper,lsharperd8@auda.org.au,Female,234.38.39.155
478,Xymenes,Francescozzi,xfrancescozzid9@cnn.com,Male,199.110.154.160
479,Wallis,Ruppelin,wruppelinda@dailymotion.com,Male,166.115.254.53
480,Kristian,Satteford,ksatteforddb@hostgator.com,Male,190.62.204.88
481,Mickey,Mussen,mmussendc@unblog.fr,Male,241.59.189.68
482,Northrop,Beare,nbearedd@mashable.com,Male,107.195.120.61
483,Kay,Ronnay,kronnayde@china.com.cn,Female,35.17.73.158
484,Allard,Petley,apetleydf@ameblo.jp,Male,185.177.165.255
485,Elias,Hopfer,ehopferdg@t.co,Male,140.174.99.18
486,Glad,Shoutt,gshouttdh@netscape.com,Female,98.143.114.249
487,Gunar,Twort,gtwortdi@foxnews.com,Male,173.116.165.148
488,Corry,Moodycliffe,cmoodycliffedj@marriott.com,Female,70.119.166.23
489,Howie,Callendar,hcallendardk@mit.edu,Male,242.142.17.57
490,Arel,Berston,aberstondl@instagram.com,Male,220.165.93.252
491,Ginger,Stannislawski,gstannislawskidm@imgur.com,Male,16.61.29.127
492,Griffith,Wield,gwielddn@ning.com,Male,234.163.253.14
493,Murielle,Abyss,mabyssdo@nba.com,Female,140.237.44.141
494,Barclay,Hardie,bhardiedp@com.com,Male,24.254.95.3
495,Shanta,Robillard,srobillarddq@vimeo.com,Female,165.157.116.86
496,Lucina,Whitelaw,lwhitelawdr@wikimedia.org,Female,19.62.93.29
497,Karina,Ivanyukov,kivanyukovds@storify.com,Female,187.243.244.186
498,Susan,McSparran,smcsparrandt@google.co.jp,Female,194.10.74.175
499,Otis,Kaes,okaesdu@blinklist.com,Male,136.164.163.97
500,Heidie,Scholler,hschollerdv@va.gov,Female,183.137.3.125
501,Gamaliel,Hanks,ghanksdw@lycos.com,Male,102.137.199.30
502,Ardisj,Bustard,abustarddx@mac.com,Female,23.26.49.154
503,Ange,Kryszka,akryszkady@forbes.com,Female,114.51.118.88
504,Sascha,Cazereau,scazereaudz@vkontakte.ru,Male,217.144.168.158
505,Ferris,Sheard,fshearde0@liveinternet.ru,Male,234.62.168.18
506,Wallis,St. Quentin,wstquentine1@noaa.gov,Female,149.27.188.202
507,Xaviera,Gladdis,xgladdise2@va.gov,Female,29.57.24.66
508,Batsheva,Cutten,bcuttene3@domainmarket.com,Female,177.184.59.221
509,Colline,Flanders,cflanderse4@time.com,Female,3.148.123.244
510,Cornelius,Doswell,cdoswelle5@chron.com,Male,157.156.61.55
511,Rem,Gorvin,rgorvine6@wunderground.com,Male,170.150.19.110
512,Ransom,Arnatt,rarnatte7@paginegialle.it,Male,99.206.115.47
513,Zabrina,Vonderdell,zvonderdelle8@amazon.co.uk,Female,187.147.98.131
514,Skylar,Eton,setone9@unc.edu,Male,198.169.58.105
515,Jessie,McCudden,jmccuddenea@columbia.edu,Female,9.175.116.104
516,Xena,Rosini,xrosinieb@yolasite.com,Female,95.21.212.184
517,Cory,Hemerijk,chemerijkec@globo.com,Female,143.204.166.74
518,Bendix,Rider,bridered@berkeley.edu,Male,10.19.217.110
519,Marya,Lardge,mlardgeee@cnbc.com,Female,98.56.85.16
520,Otis,Andreolli,oandreollief@discuz.net,Male,103.49.2.40
521,Delano,Cotton,dcottoneg@miibeian.gov.cn,Male,166.202.170.14
522,Chauncey,Straughan,cstraughaneh@epa.gov,Male,232.50.25.27
523,Haley,Fruchon,hfruchonei@a8.net,Male,113.136.62.163
524,Rusty,Kohter,rkohterej@odnoklassniki.ru,Male,171.36.165.138
525,Daphna,Duddan,dduddanek@constantcontact.com,Female,189.219.107.163
526,Andrey,Gudeman,agudemanel@dot.gov,Male,76.191.4.237
527,Ashley,Frazier,afrazierem@vinaora.com,Male,152.45.106.80
528,Delia,Behne,dbehneen@seattletimes.com,Female,71.41.247.41
529,Allard,McDonnell,amcdonnelleo@nsw.gov.au,Male,64.22.66.18
530,Maude,Pyle,mpyleep@examiner.com,Female,200.169.149.141
531,Graehme,Malarkey,gmalarkeyeq@liveinternet.ru,Male,212.103.74.190
532,Burg,Birbeck,bbirbecker@upenn.edu,Male,194.234.222.69
533,Fayth,Hubble,fhubblees@netvibes.com,Female,30.54.230.164
534,Mikaela,Labet,mlabetet@loc.gov,Female,250.250.104.182
535,Jenny,Thunders,jthunderseu@nps.gov,Female,201.165.30.163
536,Fraze,Bogie,fbogieev@youtu.be,Male,180.79.152.202
537,Kiersten,Suddell,ksuddellew@prnewswire.com,Female,243.98.82.73
538,Alvy,O'Dunneen,aodunneenex@google.ca,Male,134.21.152.27
539,Job,Prosh,jproshey@rakuten.co.jp,Male,240.212.97.214
540,Blake,Hedney,bhedneyez@themeforest.net,Female,143.204.126.118
541,Si,Esparza,sesparzaf0@unicef.org,Male,168.253.118.198
542,Rudyard,Blackborow,rblackborowf1@time.com,Male,214.188.130.217
543,Doretta,Mulrean,dmulreanf2@noaa.gov,Female,65.70.4.106
544,Arlee,Mayworth,amayworthf3@discuz.net,Female,189.24.77.146
545,Ethelred,Grieg,egriegf4@soundcloud.com,Male,67.11.73.9
546,Toiboid,Merrick,tmerrickf5@bluehost.com,Male,151.127.247.156
547,Gaelan,Vaen,gvaenf6@lulu.com,Male,204.237.43.255
548,Olivia,Dewes,odewesf7@uiuc.edu,Female,227.48.226.247
549,Bone,Antonnikov,bantonnikovf8@sfgate.com,Male,86.150.125.201
550,Fallon,Hatt,fhattf9@youtu.be,Female,238.125.189.43
551,Gayelord,Woolvin,gwoolvinfa@trellian.com,Male,66.43.192.48
552,Ariela,Fidell,afidellfb@cdbaby.com,Female,23.198.48.82
553,Heather,Gurton,hgurtonfc@rambler.ru,Female,32.104.216.185
554,Tory,St. Quintin,tstquintinfd@nbcnews.com,Female,32.245.65.106
555,Adolph,Brizell,abrizellfe@google.co.uk,Male,10.109.145.128
556,Neil,Habens,nhabensff@drupal.org,Male,166.194.237.18
557,Trixi,MacDwyer,tmacdwyerfg@china.com.cn,Female,179.177.208.240
558,Tomkin,Howard,thowardfh@wordpress.com,Male,204.231.52.116
559,Celinka,Demer,cdemerfi@google.com,Female,26.126.169.73
560,Leo,Marfell,lmarfellfj@mapquest.com,Male,136.76.206.241
561,Ethel,Butterfill,ebutterfillfk@google.com.au,Female,51.70.142.214
562,Kizzee,Heifer,kheiferfl@arizona.edu,Female,102.34.27.179
563,Cammie,Davidofski,cdavidofskifm@cyberchimps.com,Female,16.234.240.5
564,Nelia,Krolak,nkrolakfn@economist.com,Female,160.64.33.158
565,Olenka,McMyler,omcmylerfo@amazon.co.jp,Female,65.123.226.184
566,Milena,Kitchingman,mkitchingmanfp@google.fr,Female,96.78.134.215
567,Lynea,Glasson,lglassonfq@twitpic.com,Female,80.106.163.13
568,Inger,Neeson,ineesonfr@usnews.com,Male,118.197.15.167
569,Jerrylee,Durrand,jdurrandfs@cafepress.com,Female,141.153.184.190
570,Fancy,Yorke,fyorkeft@marketwatch.com,Female,253.176.177.4
571,Felice,Kunath,fkunathfu@pagesperso-orange.fr,Female,10.30.81.4
572,Shane,Fruen,sfruenfv@free.fr,Male,220.93.210.228
573,Kaylyn,Elfe,kelfefw@aboutads.info,Female,63.83.143.10
574,Clementia,Feedome,cfeedomefx@drupal.org,Female,254.119.194.145
575,Fitz,Rawsthorne,frawsthornefy@senate.gov,Male,24.91.12.56
576,Rheba,Heinz,rheinzfz@spotify.com,Female,23.33.140.219
577,Chancey,Halso,chalsog0@adobe.com,Male,75.110.86.166
578,Johnnie,MacLese,jmacleseg1@tripadvisor.com,Male,185.233.12.83
579,Wendel,Murtell,wmurtellg2@cnet.com,Male,8.27.65.240
580,Rodie,Crichton,rcrichtong3@quantcast.com,Female,173.85.1.166
581,Lorna,Haugeh,lhaugehg4@diigo.com,Female,202.148.116.230
582,Rebeca,Pitbladdo,rpitbladdog5@engadget.com,Female,122.149.237.233
583,Conant,Boullen,cboulleng6@blogs.com,Male,188.2.196.107
584,Davida,Meneely,dmeneelyg7@businessinsider.com,Female,24.159.11.134
585,Angela,Taggert,ataggertg8@weibo.com,Female,193.172.33.108
586,Neddy,Catterall,ncatterallg9@java.com,Male,217.42.89.30
587,Morgana,Lauxmann,mlauxmannga@acquirethisname.com,Female,64.49.105.31
588,Dom,Berick,dberickgb@google.ru,Male,135.191.160.210
589,Kennedy,Pesic,kpesicgc@jiathis.com,Male,14.205.8.69
590,Erroll,Tithecote,etithecotegd@patch.com,Male,10.80.24.35
591,Carly,Duckworth,cduckworthge@pagesperso-orange.fr,Male,96.153.56.236
592,Pandora,felip,pfelipgf@elegantthemes.com,Female,67.179.211.215
593,Robena,Leaburn,rleaburngg@meetup.com,Female,51.154.58.89
594,Paolo,Kuhl,pkuhlgh@smh.com.au,Male,176.11.242.18
595,Jonis,Mearns,jmearnsgi@nhs.uk,Female,235.226.15.30
596,Abbie,Garrod,agarrodgj@bluehost.com,Female,56.193.162.60
597,Nicoli,Hegarty,nhegartygk@omniture.com,Female,32.40.194.182
598,Jillie,Grinter,jgrintergl@goodreads.com,Female,95.40.205.120
599,Janette,Snead,jsneadgm@dropbox.com,Female,33.108.69.0
600,Jerry,Toal,jtoalgn@bizjournals.com,Female,83.91.98.27
601,Maren,Caruth,mcaruthgo@chron.com,Female,5.85.39.16
602,Morton,Scoone,mscoonegp@ebay.com,Male,225.129.250.250
603,Alberto,Backshill,abackshillgq@comcast.net,Male,172.186.168.57
604,Munroe,Seawell,mseawellgr@yellowbook.com,Male,201.162.190.231
605,Roselia,Algate,ralgategs@shop-pro.jp,Female,71.2.195.236
606,Ichabod,Fitzackerley,ifitzackerleygt@time.com,Male,39.21.37.125
607,Buddy,Kernock,bkernockgu@timesonline.co.uk,Male,32.125.200.76
608,Puff,Hullbrook,phullbrookgv@ning.com,Male,226.154.246.55
609,Beatriz,Pietrusiak,bpietrusiakgw@csmonitor.com,Female,71.165.53.98
610,Yorgos,Canadine,ycanadinegx@netscape.com,Male,199.123.234.243
611,Roderic,Scaysbrook,rscaysbrookgy@netscape.com,Male,66.30.76.42
612,Norah,Searl,nsearlgz@cbslocal.com,Female,196.200.252.228
613,Wilek,Ellesmere,wellesmereh0@pinterest.com,Male,189.255.148.239
614,Nikolas,Crystal,ncrystalh1@blogger.com,Male,253.183.102.106
615,Tamqrah,Maytum,tmaytumh2@deliciousdays.com,Female,195.75.102.99
616,Garvin,Leil,gleilh3@mapquest.com,Male,52.177.24.197
617,Kirsti,Dain,kdainh4@godaddy.com,Female,23.235.239.124
618,Felicle,Baugham,fbaughamh5@free.fr,Female,115.145.7.63
619,Idalia,Bleesing,ibleesingh6@nature.com,Female,137.13.54.42
620,Alden,Anespie,aanespieh7@sohu.com,Male,206.45.183.6
621,Eward,Iacavone,eiacavoneh8@mayoclinic.com,Male,80.109.203.50
622,Olia,Aupol,oaupolh9@shinystat.com,Female,247.177.129.60
623,Virgil,Gillam,vgillamha@adobe.com,Male,155.230.101.71
624,Hobart,Bulter,hbulterhb@desdev.cn,Male,225.125.235.162
625,Chancey,Maccaddie,cmaccaddiehc@npr.org,Male,79.188.171.134
626,Lizbeth,Dener,ldenerhd@kickstarter.com,Female,79.24.89.142
627,Turner,Haythornthwaite,thaythornthwaitehe@mayoclinic.com,Male,66.87.164.20
628,Orsola,Biskupek,obiskupekhf@irs.gov,Female,155.221.158.140
629,Dulcy,Strettle,dstrettlehg@usda.gov,Female,134.66.38.247
630,Vivianne,Pilch,vpilchhh@harvard.edu,Female,189.90.36.72
631,Goldia,Kinsett,gkinsetthi@jigsy.com,Female,89.2.84.167
632,Siffre,Keene,skeenehj@cyberchimps.com,Male,227.201.99.0
633,Grantham,Maskill,gmaskillhk@arizona.edu,Male,99.229.169.187
634,Willetta,Sinnatt,wsinnatthl@soup.io,Female,38.10.119.111
635,Ripley,Polhill,rpolhillhm@naver.com,Male,9.234.202.234
636,Cleo,Krier,ckrierhn@exblog.jp,Female,89.58.43.56
637,Miller,Duddridge,mduddridgeho@home.pl,Male,67.243.184.86
638,Josy,Jimmes,jjimmeshp@google.nl,Female,66.234.170.186
639,Feliks,Bickle,fbicklehq@cisco.com,Male,106.252.207.153
640,Tyson,McFee,tmcfeehr@a8.net,Male,242.194.14.35
641,Jud,Vanes,jvaneshs@ezinearticles.com,Male,101.20.200.135
642,Lindy,Frances,lfrancesht@spiegel.de,Male,213.183.166.7
643,Giffer,Lovart,glovarthu@dell.com,Male,238.234.176.154
644,Phineas,Larvin,plarvinhv@tuttocitta.it,Male,3.156.145.48
645,Borg,Wanderschek,bwanderschekhw@dmoz.org,Male,101.71.119.234
646,Anton,Bindley,abindleyhx@opensource.org,Male,231.67.185.131
647,Lavinia,Bernlin,lbernlinhy@seattletimes.com,Female,180.58.249.121
648,Reube,Nowland,rnowlandhz@livejournal.com,Male,177.62.8.53
649,Brittne,Mackney,bmackneyi0@shutterfly.com,Female,52.96.52.64
650,Sayers,Waine,swainei1@weibo.com,Male,104.96.59.164
651,Corrie,Cunniff,ccunniffi2@arizona.edu,Male,11.128.41.80
652,Calhoun,Kenningley,ckenningleyi3@symantec.com,Male,12.137.221.51
653,Valma,Mundell,vmundelli4@dagondesign.com,Female,153.63.54.195
654,Bev,Pavlovsky,bpavlovskyi5@cisco.com,Male,230.145.146.88
655,Temple,Anglim,tanglimi6@google.fr,Male,144.14.249.186
656,Stesha,Labone,slabonei7@joomla.org,Female,145.7.21.58
657,Vilma,Tupp,vtuppi8@multiply.com,Female,164.70.169.206
658,Antonietta,Fever,afeveri9@squidoo.com,Female,178.166.175.79
659,Jordan,Bynold,jbynoldia@wiley.com,Female,190.174.30.101
660,Broderick,Edgeler,bedgelerib@deviantart.com,Male,215.105.31.116
661,Hillary,Broseke,hbrosekeic@cnbc.com,Male,88.181.100.188
662,Hughie,Allanson,hallansonid@hud.gov,Male,20.131.148.227
663,Torrance,Hilldrup,thilldrupie@go.com,Male,32.166.69.228
664,Garvin,Deetch,gdeetchif@discovery.com,Male,64.146.100.85
665,Martha,Antoniades,mantoniadesig@shutterfly.com,Female,177.154.131.145
666,Cirilo,Bonnyson,cbonnysonih@ftc.gov,Male,11.144.94.51
667,Grata,Donner,gdonnerii@cnbc.com,Female,233.51.118.171
668,Robinet,Tilmouth,rtilmouthij@topsy.com,Male,88.137.57.228
669,Lazare,Lundon,llundonik@kickstarter.com,Male,138.102.239.13
670,Rutter,Brimham,rbrimhamil@narod.ru,Male,180.154.103.132
671,Cari,Chiswell,cchiswellim@google.ru,Female,196.35.1.180
672,Rad,Lawley,rlawleyin@engadget.com,Male,219.255.11.203
673,Lindi,Yelding,lyeldingio@mysql.com,Female,239.224.137.214
674,Nichole,McShane,nmcshaneip@sitemeter.com,Male,35.7.88.113
675,Garth,Crossgrove,gcrossgroveiq@ow.ly,Male,95.25.129.155
676,Lorenzo,Bocock,lbocockir@bbb.org,Male,122.61.162.171
677,Silvio,Berthomieu,sberthomieuis@myspace.com,Male,68.83.33.111
678,Putnam,Todaro,ptodaroit@bandcamp.com,Male,118.196.81.86
679,Feliza,Dunbabin,fdunbabiniu@taobao.com,Female,31.15.47.35
680,Beverlie,Patron,bpatroniv@topsy.com,Female,249.96.136.25
681,Imelda,Weinham,iweinhamiw@apple.com,Female,132.36.1.111
682,Sollie,Cridlin,scridlinix@examiner.com,Male,135.247.212.123
683,Brook,Sirmond,bsirmondiy@house.gov,Male,84.4.40.143
684,Jodie,Smithyman,jsmithymaniz@sina.com.cn,Male,65.41.170.76
685,Silvano,Bramwell,sbramwellj0@drupal.org,Male,248.216.61.91
686,Dino,House,dhousej1@tinypic.com,Male,181.95.9.64
687,Christen,Cromack,ccromackj2@paginegialle.it,Female,13.121.224.22
688,Leopold,Ambroz,lambrozj3@adobe.com,Male,85.0.206.122
689,Essie,Barrable,ebarrablej4@weather.com,Female,86.43.25.40
690,Leon,Waldren,lwaldrenj5@wordpress.com,Male,160.138.11.9
691,Isidore,Eusden,ieusdenj6@slashdot.org,Male,140.167.54.143
692,Vanni,Lenden,vlendenj7@unc.edu,Female,173.129.177.240
693,Trista,Sunter,tsunterj8@telegraph.co.uk,Female,250.17.204.35
694,Douglas,Lacase,dlacasej9@merriam-webster.com,Male,143.203.84.132
695,Graham,Hearns,ghearnsja@fda.gov,Male,162.126.146.144
696,Berenice,Thebes,bthebesjb@istockphoto.com,Female,196.6.80.19
697,Mendel,Puleston,mpulestonjc@umich.edu,Male,228.72.122.146
698,Jerrine,Hanhart,jhanhartjd@privacy.gov.au,Female,107.15.183.33
699,Baudoin,Geraudy,bgeraudyje@si.edu,Male,70.194.106.1
700,Samson,Gagan,sgaganjf@usatoday.com,Male,47.213.171.139
701,Netta,Alexsandrev,nalexsandrevjg@google.co.jp,Female,129.184.207.136
702,Tootsie,Eckert,teckertjh@mediafire.com,Female,177.11.140.109
703,Chryste,Cridlan,ccridlanji@quantcast.com,Female,30.185.69.134
704,Erastus,Dickie,edickiejj@shop-pro.jp,Male,76.109.181.41
705,Hewe,MacGee,hmacgeejk@imdb.com,Male,127.12.161.120
706,Morten,Dalziel,mdalzieljl@prnewswire.com,Male,127.103.36.192
707,Betteann,Thornham,bthornhamjm@dell.com,Female,239.1.52.255
708,Gabriell,Duffer,gdufferjn@sohu.com,Female,56.47.194.60
709,Blayne,Judson,bjudsonjo@telegraph.co.uk,Male,22.160.53.34
710,Dennie,Sweetzer,dsweetzerjp@addthis.com,Female,170.87.105.91
711,Karleen,Escoffier,kescoffierjq@cocolog-nifty.com,Female,168.182.66.210
712,Bobbie,Eblein,bebleinjr@buzzfeed.com,Female,233.26.138.250
713,Hardy,Le Gallo,hlegallojs@yellowpages.com,Male,238.52.202.176
714,Corinna,Presdie,cpresdiejt@jimdo.com,Female,26.104.209.191
715,Garrett,O'Sharkey,gosharkeyju@ox.ac.uk,Male,171.146.168.48
716,Othilie,Gilmartin,ogilmartinjv@tinyurl.com,Female,180.198.55.74
717,Margie,Sedgman,msedgmanjw@china.com.cn,Female,74.90.174.184
718,Omero,Collar,ocollarjx@dyndns.org,Male,91.231.126.16
719,Reinold,Clyde,rclydejy@answers.com,Male,147.197.36.64
720,Malorie,Burchnall,mburchnalljz@diigo.com,Female,152.9.53.119
721,Bonnibelle,Mountjoy,bmountjoyk0@vimeo.com,Female,0.205.152.229
722,Irwinn,Fisk,ifiskk1@vinaora.com,Male,60.143.142.165
723,Cameron,Pirazzi,cpirazzik2@nydailynews.com,Male,12.215.82.137
724,Alessandra,Pentecust,apentecustk3@unicef.org,Female,176.101.239.40
725,Ferrell,Marion,fmarionk4@shareasale.com,Male,167.156.178.183
726,Sibella,Tidcomb,stidcombk5@infoseek.co.jp,Female,252.126.190.18
727,Ugo,McBeith,umcbeithk6@yellowbook.com,Male,231.65.20.91
728,Shara,Labrom,slabromk7@yale.edu,Female,50.51.17.175
729,Regan,Piperley,rpiperleyk8@ask.com,Female,238.53.148.158
730,Sherman,Bellefant,sbellefantk9@sourceforge.net,Male,12.41.186.74
731,Tiertza,Ert,tertka@berkeley.edu,Female,251.251.222.91
732,Erinn,Blackley,eblackleykb@pen.io,Female,221.119.217.19
733,Dotti,Simison,dsimisonkc@instagram.com,Female,230.239.188.110
734,Leroi,Hoogendorp,lhoogendorpkd@stanford.edu,Male,56.78.201.109
735,Odette,Averies,oaverieske@miitbeian.gov.cn,Female,239.219.178.75
736,Royce,Brazear,rbrazearkf@tripod.com,Male,78.198.159.8
737,Claudianus,Hakking,chakkingkg@berkeley.edu,Male,32.197.30.207
738,Marget,Sandeford,msandefordkh@uiuc.edu,Female,7.82.43.9
739,Rosaleen,Cartman,rcartmanki@washington.edu,Female,64.161.77.127
740,Trever,Cranmor,tcranmorkj@trellian.com,Male,202.174.15.211
741,Sherlocke,Butter,sbutterkk@reverbnation.com,Male,163.111.99.189
742,Corrine,Smieton,csmietonkl@ycombinator.com,Female,185.139.8.243
743,Elicia,Alldre,ealldrekm@purevolume.com,Female,29.122.53.176
744,Kali,Elmes,kelmeskn@chronoengine.com,Female,170.78.4.174
745,Vivi,Simonetti,vsimonettiko@bigcartel.com,Female,163.1.144.110
746,Yalonda,Bambrick,ybambrickkp@lulu.com,Female,71.86.121.107
747,Sada,Infantino,sinfantinokq@trellian.com,Female,197.172.129.145
748,Levy,Maunton,lmauntonkr@vimeo.com,Male,34.33.224.154
749,Gerry,Maskrey,gmaskreyks@hibu.com,Male,147.214.118.202
750,Myrwyn,Coopland,mcooplandkt@ustream.tv,Male,52.254.90.230
751,Lucienne,Bithany,lbithanyku@businesswire.com,Female,242.119.90.234
752,Pavla,McReynolds,pmcreynoldskv@chicagotribune.com,Female,68.124.61.20
753,Tandy,Oak,toakkw@flickr.com,Female,171.205.151.223
754,Cull,Gynne,cgynnekx@constantcontact.com,Male,34.116.18.232
755,Anton,Pittle,apittleky@hhs.gov,Male,200.255.138.26
756,Johan,Raspel,jraspelkz@joomla.org,Male,192.162.188.135
757,Katlin,Grisbrook,kgrisbrookl0@instagram.com,Female,99.158.177.22
758,Mar,Pitkins,mpitkinsl1@japanpost.jp,Male,121.133.186.144
759,Kath,Strand,kstrandl2@joomla.org,Female,22.251.113.171
760,Orazio,Garahan,ogarahanl3@eepurl.com,Male,3.236.7.55
761,Marline,Kornes,mkornesl4@wisc.edu,Female,24.211.46.0
762,Hobie,Renehan,hrenehanl5@bigcartel.com,Male,102.8.202.2
763,Ophelie,Gitthouse,ogitthousel6@oracle.com,Female,6.34.117.121
764,Raquel,Bullock,rbullockl7@canalblog.com,Female,75.128.235.162
765,Griffith,Jamison,gjamisonl8@tuttocitta.it,Male,219.113.209.254
766,Nevile,Juckes,njuckesl9@chicagotribune.com,Male,186.113.202.235
767,Constance,Drewett,cdrewettla@senate.gov,Female,8.48.141.150
768,Raff,Azema,razemalb@sohu.com,Male,88.64.242.79
769,Christen,Caldairou,ccaldairoulc@typepad.com,Female,101.111.9.243
770,Welbie,Hamblen,whamblenld@yandex.ru,Male,77.24.207.71
771,Yulma,Leyden,yleydenle@google.com.au,Male,213.113.229.130
772,Rube,Clawson,rclawsonlf@dot.gov,Male,204.167.42.14
773,Calley,Gentery,cgenterylg@pcworld.com,Female,84.158.71.210
774,Aurel,Bowers,abowerslh@list-manage.com,Female,65.29.65.87
775,Leela,Jenik,ljenikli@fc2.com,Female,181.9.180.46
776,Katha,Ferns,kfernslj@usa.gov,Female,218.182.41.203
777,Nealson,Carefull,ncarefulllk@ocn.ne.jp,Male,238.141.190.49
778,Killy,Ashworth,kashworthll@apple.com,Male,186.69.209.243
779,Julieta,Fredy,jfredylm@1688.com,Female,190.20.148.184
780,Grenville,McGinty,gmcgintyln@people.com.cn,Male,20.226.23.67
781,Marcelle,Boundey,mboundeylo@youku.com,Female,175.81.173.233
782,Worden,Blackborow,wblackborowlp@ihg.com,Male,115.139.230.177
783,Jacinthe,Heighton,jheightonlq@sbwire.com,Female,65.98.129.188
784,Dreddy,Jumel,djumellr@mozilla.com,Female,164.27.131.206
785,Joya,Clever,jcleverls@npr.org,Female,140.51.129.41
786,Laurianne,Tamblingson,ltamblingsonlt@toplist.cz,Female,99.74.234.7
787,Candie,Lefridge,clefridgelu@php.net,Female,150.209.184.96
788,Koralle,Matthewson,kmatthewsonlv@sitemeter.com,Female,204.131.57.207
789,Cordie,Davson,cdavsonlw@vinaora.com,Female,94.191.10.88
790,Liv,Merrigans,lmerriganslx@gnu.org,Female,42.22.162.243
791,Nils,Burdas,nburdasly@wikia.com,Male,30.4.67.53
792,Magda,Grocock,mgrococklz@squidoo.com,Female,147.255.2.144
793,Moyra,Verheijden,mverheijdenm0@redcross.org,Female,55.5.104.243
794,Hetti,Barritt,hbarrittm1@is.gd,Female,155.159.151.8
795,Felice,Burnitt,fburnittm2@wired.com,Male,32.154.151.162
796,Karola,Wilkerson,kwilkersonm3@indiegogo.com,Female,49.81.86.83
797,Katy,Deyenhardt,kdeyenhardtm4@ucoz.com,Female,10.233.59.118
798,Bernarr,Peaden,bpeadenm5@printfriendly.com,Male,80.168.69.13
799,Bonita,Edmand,bedmandm6@upenn.edu,Female,219.86.171.105
800,Craig,Rolstone,crolstonem7@webs.com,Male,8.204.207.200
801,Harwell,Belbin,hbelbinm8@friendfeed.com,Male,116.122.20.134
802,Kakalina,Deekes,kdeekesm9@webmd.com,Female,5.67.111.235
803,Feliks,Gaunson,fgaunsonma@soundcloud.com,Male,6.14.218.249
804,Markos,Kemish,mkemishmb@sbwire.com,Male,150.138.65.136
805,Esma,Boulstridge,eboulstridgemc@indiatimes.com,Female,21.157.111.42
806,Granger,Feares,gfearesmd@123-reg.co.uk,Male,217.19.67.190
807,Nerissa,Gotling,ngotlingme@hatena.ne.jp,Female,191.85.48.166
808,Rosanne,Hamblett,rhamblettmf@behance.net,Female,21.178.128.99
809,Laughton,Fullager,lfullagermg@soup.io,Male,21.205.201.240
810,Millisent,Brookfield,mbrookfieldmh@com.com,Female,162.105.203.47
811,Monroe,Fumagallo,mfumagallomi@amazon.co.jp,Male,242.184.53.1
812,Dorella,Allix,dallixmj@cdbaby.com,Female,177.146.167.62
813,Petronille,Monck,pmonckmk@cnbc.com,Female,164.40.100.188
814,Krishna,Crannach,kcrannachml@uol.com.br,Male,185.247.147.229
815,Sissy,Louden,sloudenmm@networkadvertising.org,Female,142.153.55.47
816,Dianne,Lansdale,dlansdalemn@sakura.ne.jp,Female,53.145.163.186
817,Koressa,Warne,kwarnemo@taobao.com,Female,17.150.53.209
818,Amelie,Kubatsch,akubatschmp@squidoo.com,Female,134.9.172.50
819,Tyler,Bentall,tbentallmq@dropbox.com,Male,1.191.125.81
820,Hendrika,Ahmad,hahmadmr@xing.com,Female,163.137.251.113
821,Gwyneth,McChruiter,gmcchruiterms@eventbrite.com,Female,219.103.142.247
822,Parrnell,Michelotti,pmichelottimt@fc2.com,Male,222.71.42.144
823,Viviene,Paige,vpaigemu@scribd.com,Female,156.201.141.66
824,Fayre,Ffrench,fffrenchmv@blinklist.com,Female,240.152.231.153
825,Felic,Whear,fwhearmw@wired.com,Male,179.251.231.63
826,Allie,Dallison,adallisonmx@amazonaws.com,Male,20.120.247.73
827,Leonidas,Lowndes,llowndesmy@themeforest.net,Male,92.74.119.88
828,Purcell,Rawkesby,prawkesbymz@1688.com,Male,44.238.79.157
829,Adler,Ventris,aventrisn0@jiathis.com,Male,75.52.150.139
830,Caritta,Benoiton,cbenoitonn1@guardian.co.uk,Female,221.104.118.146
831,Mahmoud,Redd,mreddn2@nationalgeographic.com,Male,207.204.146.33
832,Malinda,De Cristoforo,mdecristoforon3@cnn.com,Female,40.207.211.63
833,Rob,Scranedge,rscranedgen4@redcross.org,Male,204.199.141.89
834,Rhianon,Brendeke,rbrendeken5@hibu.com,Female,143.64.24.247
835,Liz,Callway,lcallwayn6@geocities.jp,Female,62.33.207.161
836,Laird,Trye,ltryen7@bing.com,Male,110.94.102.238
837,Pietro,Doggart,pdoggartn8@ycombinator.com,Male,157.236.26.250
838,Averill,Jeanesson,ajeanessonn9@omniture.com,Male,173.95.32.202
839,Carly,Crecy,ccrecyna@bloglines.com,Female,125.5.250.112
840,Davina,Kuhlen,dkuhlennb@wikia.com,Female,190.109.35.181
841,El,Basile,ebasilenc@alibaba.com,Male,106.83.235.15
842,Zandra,Rabbe,zrabbend@csmonitor.com,Female,206.237.61.73
843,Son,Wooder,swooderne@answers.com,Male,218.50.205.69
844,Demetra,Merrgen,dmerrgennf@blogger.com,Female,230.89.158.16
845,Aprilette,Kopecka,akopeckang@wix.com,Female,86.169.168.228
846,Reta,Tanswill,rtanswillnh@gravatar.com,Female,132.140.32.240
847,Guss,Raspison,graspisonni@livejournal.com,Male,107.252.8.5
848,Vivia,Griniov,vgriniovnj@networksolutions.com,Female,38.156.128.15
849,Angy,Gotch,agotchnk@qq.com,Female,181.211.67.65
850,Winthrop,Twittey,wtwitteynl@deviantart.com,Male,183.187.33.109
851,Thatcher,Huyhton,thuyhtonnm@whitehouse.gov,Male,171.8.31.17
852,Ag,Ferrarin,aferrarinnn@boston.com,Female,104.126.95.199
853,Patti,Berringer,pberringerno@yelp.com,Female,180.142.214.117
854,Aubry,Huthart,ahuthartnp@spiegel.de,Female,69.173.31.220
855,Leanora,Darell,ldarellnq@ovh.net,Female,223.154.129.139
856,Darb,Stratiff,dstratiffnr@cdc.gov,Male,166.99.209.142
857,Joceline,Giotto,jgiottons@bravesites.com,Female,111.69.30.182
858,Gaven,Llewelyn,gllewelynnt@npr.org,Male,229.219.189.223
859,Vitoria,Sonley,vsonleynu@google.it,Female,129.129.52.203
860,Arv,Dwight,adwightnv@kickstarter.com,Male,251.193.74.152
861,Fae,Wettern,fwetternnw@about.me,Female,183.15.73.45
862,Zollie,Ends,zendsnx@4shared.com,Male,123.215.71.3
863,Coralyn,Bucklan,cbucklanny@sakura.ne.jp,Female,138.65.229.75
864,Baldwin,Fenix,bfenixnz@123-reg.co.uk,Male,59.181.169.124
865,Lemar,Heam,lheamo0@cbsnews.com,Male,48.45.96.35
866,Conant,Matskevich,cmatskevicho1@jugem.jp,Male,182.191.143.206
867,Elana,Benley,ebenleyo2@t-online.de,Female,88.26.243.206
868,Marilin,Pardew,mpardewo3@intel.com,Female,239.248.47.143
869,Patricio,Colls,pcollso4@narod.ru,Male,233.113.215.149
870,Connor,Kneath,ckneatho5@goodreads.com,Male,38.117.125.55
871,Shannan,Kittow,skittowo6@skyrock.com,Male,216.205.82.74
872,Wallie,Josupeit,wjosupeito7@noaa.gov,Female,11.8.92.202
873,Ragnar,Meacher,rmeachero8@networksolutions.com,Male,48.26.243.95
874,Leicester,Braisted,lbraistedo9@vk.com,Male,114.33.186.71
875,Phyllys,McGilben,pmcgilbenoa@imageshack.us,Female,160.5.143.141
876,Margareta,Rolfo,mrolfoob@unc.edu,Female,149.7.155.43
877,Allan,Kibbel,akibbeloc@spotify.com,Male,12.77.109.3
878,Philis,Dunabie,pdunabieod@sina.com.cn,Female,79.205.36.135
879,Berkly,Gorusso,bgorussooe@g.co,Male,73.224.196.7
880,Con,Seegar,cseegarof@princeton.edu,Female,54.245.213.1
881,Calli,Peppin,cpeppinog@rambler.ru,Female,72.62.84.122
882,Elladine,Luff,eluffoh@opensource.org,Female,189.113.16.136
883,Theodosia,Orchart,torchartoi@chronoengine.com,Female,140.198.168.121
884,Reginald,Howick,rhowickoj@ucoz.ru,Male,55.66.139.246
885,Clyde,Simpson,csimpsonok@bluehost.com,Male,219.180.188.218
886,Blair,Fernez,bfernezol@usgs.gov,Male,147.30.240.219
887,Carolann,Insko,cinskoom@nba.com,Female,75.38.122.179
888,Brittney,Sterrick,bsterrickon@cloudflare.com,Female,43.96.189.53
889,Trev,Bonsall,tbonsalloo@dedecms.com,Male,16.136.81.174
890,Edeline,McArley,emcarleyop@geocities.com,Female,228.1.110.82
891,Arman,Loughran,aloughranoq@imdb.com,Male,83.53.4.120
892,Udall,Inggall,uinggallor@samsung.com,Male,45.45.254.4
893,Melinde,Durrell,mdurrellos@sakura.ne.jp,Female,26.73.226.91
894,Aviva,Michell,amichellot@constantcontact.com,Female,114.212.208.255
895,Lyon,Reeks,lreeksou@csmonitor.com,Male,89.20.253.37
896,Mallory,Lorriman,mlorrimanov@nationalgeographic.com,Male,205.211.81.220
897,Waiter,Jessop,wjessopow@tripadvisor.com,Male,239.184.47.255
898,Biddie,Karadzas,bkaradzasox@goo.ne.jp,Female,212.194.137.36
899,Wells,Gencke,wgenckeoy@weather.com,Male,226.25.181.65
900,Mariele,Dary,mdaryoz@imdb.com,Female,14.143.58.113
901,Gannie,Bleything,gbleythingp0@devhub.com,Male,213.12.144.235
902,Nataline,Bugbird,nbugbirdp1@craigslist.org,Female,32.207.19.51
903,Zonda,Redier,zredierp2@1und1.de,Female,57.240.201.178
904,Miguelita,Spain-Gower,mspaingowerp3@theguardian.com,Female,199.171.252.5
905,Vito,O'Ferris,voferrisp4@nytimes.com,Male,25.129.82.156
906,Leola,Hartwright,lhartwrightp5@fda.gov,Female,217.254.222.182
907,Maximilian,Whyberd,mwhyberdp6@icio.us,Male,185.146.11.214
908,Barry,Skilbeck,bskilbeckp7@boston.com,Male,0.54.63.124
909,Thoma,Fenlon,tfenlonp8@sphinn.com,Male,237.89.177.239
910,Inigo,Bredbury,ibredburyp9@mozilla.com,Male,33.48.148.117
911,Ag,Lanning,alanningpa@walmart.com,Female,161.180.132.75
912,Cherry,Hazleton,chazletonpb@canalblog.com,Female,73.178.247.9
913,Godfrey,Prebble,gprebblepc@dmoz.org,Male,0.124.22.25
914,Alyosha,Harget,ahargetpd@google.pl,Male,146.49.178.67
915,Danyelle,Renahan,drenahanpe@mediafire.com,Female,39.101.20.41
916,Winslow,Crumbie,wcrumbiepf@pagesperso-orange.fr,Male,71.4.210.187
917,Kassi,Guilaem,kguilaempg@ustream.tv,Female,179.144.36.83
918,Hardy,O'Crigane,hocriganeph@twitter.com,Male,54.10.13.81
919,Cordula,Fillingham,cfillinghampi@theglobeandmail.com,Female,51.65.104.193
920,Solly,Cordet,scordetpj@nasa.gov,Male,228.254.101.8
921,Alon,Gethouse,agethousepk@facebook.com,Male,229.25.114.55
922,Cyb,Faughnan,cfaughnanpl@fc2.com,Female,151.80.154.155
923,Krysta,Nutten,knuttenpm@sphinn.com,Female,168.205.167.68
924,Kesley,Wyche,kwychepn@topsy.com,Female,21.42.144.151
925,Krissy,Colbridge,kcolbridgepo@over-blog.com,Female,126.124.137.67
926,Torrin,Wiltshire,twiltshirepp@wired.com,Male,36.189.0.188
927,Calhoun,Guerreiro,cguerreiropq@state.tx.us,Male,155.136.10.43
928,Pippa,Rivers,priverspr@woothemes.com,Female,6.23.183.183
929,Jean,Pelchat,jpelchatps@archive.org,Female,250.222.22.32
930,Purcell,Meeke,pmeekept@chronoengine.com,Male,227.187.95.88
931,Barris,Kemmer,bkemmerpu@skype.com,Male,44.29.151.199
932,Karen,Merkel,kmerkelpv@hatena.ne.jp,Female,229.191.3.95
933,Vaclav,Robertsen,vrobertsenpw@infoseek.co.jp,Male,197.222.44.172
934,Miriam,Thay,mthaypx@virginia.edu,Female,170.215.253.176
935,Alford,Aron,aaronpy@jalbum.net,Male,165.189.94.60
936,Corny,de Courcey,cdecourceypz@alibaba.com,Male,124.63.173.166
937,Dannie,Camolli,dcamolliq0@nhs.uk,Female,218.3.59.152
938,Livia,Dowda,ldowdaq1@nytimes.com,Female,217.53.9.176
939,Allie,Springer,aspringerq2@friendfeed.com,Male,229.44.19.49
940,Lilllie,Wayon,lwayonq3@unblog.fr,Female,217.253.168.207
941,Brunhilda,McCullogh,bmcculloghq4@ezinearticles.com,Female,195.247.56.243
942,Catherina,Sabine,csabineq5@ning.com,Female,0.49.47.135
943,Frederic,Goodfellowe,fgoodfelloweq6@technorati.com,Male,21.101.131.186
944,Ashleigh,Batte,abatteq7@geocities.com,Female,22.194.40.51
945,Judd,Luggar,jluggarq8@netscape.com,Male,29.88.75.178
946,Yolanda,Granleese,ygranleeseq9@people.com.cn,Female,85.138.135.87
947,Shellysheldon,Junkison,sjunkisonqa@opensource.org,Male,235.149.23.44
948,Glennie,Temby,gtembyqb@admin.ch,Female,80.98.229.232
949,Nathalia,Wormald,nwormaldqc@dot.gov,Female,181.91.65.114
950,Flory,Brantl,fbrantlqd@mapy.cz,Male,72.219.108.64
951,Martha,Jermey,mjermeyqe@weather.com,Female,144.4.121.60
952,Walden,Michel,wmichelqf@globo.com,Male,211.219.162.215
953,Etty,Dani,edaniqg@quantcast.com,Female,75.80.27.47
954,Marysa,Dyer,mdyerqh@sitemeter.com,Female,229.119.39.252
955,Ezequiel,Flahy,eflahyqi@yolasite.com,Male,188.36.125.138
956,Ignazio,Pavluk,ipavlukqj@godaddy.com,Male,167.66.192.13
957,Robin,Snibson,rsnibsonqk@cnet.com,Female,26.41.228.203
958,Kenneth,Baythrop,kbaythropql@eventbrite.com,Male,125.200.15.225
959,Normand,Lovart,nlovartqm@blogs.com,Male,42.247.252.84
960,Krishnah,Daykin,kdaykinqn@issuu.com,Male,107.204.171.79
961,Norri,Britt,nbrittqo@liveinternet.ru,Female,229.222.218.196
962,Anneliese,Heel,aheelqp@eepurl.com,Female,147.44.81.112
963,Jerrine,Loudon,jloudonqq@dmoz.org,Female,52.15.193.168
964,Deedee,Paulsen,dpaulsenqr@house.gov,Female,152.123.227.200
965,Mohandas,Chapling,mchaplingqs@fda.gov,Male,13.186.131.69
966,Selene,Stanborough,sstanboroughqt@hexun.com,Female,208.39.213.192
967,Niles,Shuter,nshuterqu@google.it,Male,174.122.191.189
968,Remus,Archard,rarchardqv@nyu.edu,Male,198.205.192.2
969,Zachariah,Dracksford,zdracksfordqw@cnet.com,Male,228.152.36.9
970,Maribeth,Giral,mgiralqx@blinklist.com,Female,145.185.68.140
971,Anni,Krug,akrugqy@barnesandnoble.com,Female,73.43.197.221
972,Ellary,Bogey,ebogeyqz@goo.gl,Male,245.46.51.131
973,Sinclare,Sappson,ssappsonr0@un.org,Male,220.74.112.217
974,Lib,Babe,lbaber1@vimeo.com,Female,19.23.21.49
975,Thurston,Barge,tbarger2@blogger.com,Male,75.105.28.184
976,Cheston,Capper,ccapperr3@posterous.com,Male,77.218.117.206
977,Kandy,Rockall,krockallr4@yelp.com,Female,40.209.188.190
978,Carrie,Truckett,ctruckettr5@nydailynews.com,Female,91.183.90.190
979,Darlene,Georgel,dgeorgelr6@trellian.com,Female,125.89.91.214
980,Juditha,Heake,jheaker7@china.com.cn,Female,225.74.254.100
981,Logan,Grafom,lgrafomr8@mapy.cz,Male,35.235.186.222
982,Edythe,Cesaric,ecesaricr9@google.pl,Female,135.115.130.144
983,Alexis,Petricek,apetricekra@ucoz.ru,Male,234.207.72.167
984,Sheffie,Dreigher,sdreigherrb@tuttocitta.it,Male,235.170.214.183
985,Wittie,Snaddon,wsnaddonrc@networksolutions.com,Male,132.9.202.38
986,Haydon,Navarre,hnavarrerd@theglobeandmail.com,Male,95.112.215.5
987,Lyman,Isabell,lisabellre@cornell.edu,Male,181.229.0.111
988,Lulita,Prichard,lprichardrf@amazon.de,Female,105.18.157.139
989,Leroi,Poschel,lposchelrg@ucsd.edu,Male,29.242.223.86
990,Garret,Newnham,gnewnhamrh@tinypic.com,Male,4.86.66.246
991,Sebastian,Yakushkev,syakushkevri@businesswire.com,Male,41.2.92.95
992,Gusty,Cussen,gcussenrj@prlog.org,Female,100.110.122.46
993,Kendall,Tomblings,ktomblingsrk@ox.ac.uk,Male,166.174.214.85
994,Orson,Scriviner,oscrivinerrl@mapquest.com,Male,19.44.80.234
995,Emogene,Denisovich,edenisovichrm@cocolog-nifty.com,Female,96.147.37.13
996,Corina,Caltera,ccalterarn@canalblog.com,Female,214.74.149.148
997,Burk,Spens,bspensro@webnode.com,Male,155.209.18.132
998,Danika,Devey,ddeveyrp@cornell.edu,Female,143.222.12.199
999,Moss,Acott,macottrq@xrea.com,Male,119.209.107.190
1000,Dita,Abramowitz,dabramowitzrr@rakuten.co.jp,Female,51.181.66.219
