id,first_name,last_name,email,gender,ip_address
1,Tim,Whitlow,twhitlow0@youtube.com,Male,153.216.193.153
2,Daron,Louder,dlouder1@addtoany.com,Male,97.9.202.254
3,Rustie,Van Leeuwen,rvanleeuwen2@behance.net,Male,62.9.23.18
4,Chuck,Shiell,cshiell3@mlb.com,Male,124.253.100.139
5,Claresta,Hacking,chacking4@goo.ne.jp,Female,212.17.188.212
6,Kathryn,Barabich,kbarabich5@a8.net,Female,29.125.153.254
7,Dionisio,Sewley,dsewley6@quantcast.com,Male,221.196.68.144
8,Etta,Keningham,ekeningham7@blogtalkradio.com,Female,60.56.68.25
9,Archambault,McKennan,amckennan8@jimdo.com,Male,211.64.173.181
10,Allix,Sullens,asullens9@about.com,Female,25.88.209.51
11,Lou,Couves,lcouvesa@techcrunch.com,Female,117.32.123.240
12,Rinaldo,Curro,rcurrob@linkedin.com,Male,27.80.212.7
13,Winne,Morit,wmoritc@bizjournals.com,Female,36.135.173.128
14,Cobb,Pixton,cpixtond@youku.com,Male,44.135.7.183
15,Nerte,Nottram,nnottrame@youtu.be,Female,244.101.126.25
16,Marcellus,Leetham,mleethamf@cam.ac.uk,Male,216.161.130.91
17,Alric,Fridd,afriddg@msn.com,Male,116.152.160.175
18,Eachelle,Lowton,elowtonh@odnoklassniki.ru,Female,106.152.227.112
19,Sarita,Dundendale,sdundendalei@washington.edu,Female,233.76.229.28
20,Corty,Caneo,ccaneoj@comcast.net,Male,214.137.235.46
21,Roda,Sandall,rsandallk@twitpic.com,Female,218.205.36.213
22,Stefano,Woollard,swoollardl@reverbnation.com,Male,83.230.20.11
23,Kerry,Heape,kheapem@cbc.ca,Male,119.153.73.128
24,Calida,Cowern,ccowernn@usatoday.com,Female,6.116.0.61
25,Denni,Youd,dyoudo@latimes.com,Female,78.230.57.210
26,Chaddy,Kullmann,ckullmannp@oracle.com,Male,31.70.153.184
27,Siobhan,Mackleden,smackledenq@hc360.com,Female,214.219.95.51
28,Camila,Youel,cyouelr@youtu.be,Female,98.178.194.28
29,Flin,Regler,freglers@wordpress.org,Male,180.78.151.252
30,Boyd,Plevin,bplevint@wordpress.com,Male,193.0.65.59
31,Atalanta,Fleckno,aflecknou@lycos.com,Female,71.67.253.94
32,Wells,Gatcliff,wgatcliffv@home.pl,Male,76.21.5.79
33,Simmonds,Kilban,skilbanw@zdnet.com,Male,59.184.133.37
34,Torin,Messingham,tmessinghamx@a8.net,Male,110.10.153.215
35,Calypso,Newart,cnewarty@zimbio.com,Female,132.186.169.161
36,Sophey,McCerery,smccereryz@time.com,Female,23.33.60.121
37,Mario,Hodgen,mhodgen10@example.com,Male,7.228.121.52
38,Carleen,Simmins,csimmins11@cdbaby.com,Female,105.226.49.36
39,Greg,Mollnar,gmollnar12@goo.ne.jp,Male,75.237.131.242
40,Harriett,Mughal,hmughal13@cdc.gov,Female,8.32.247.155
41,Steve,Launder,slaunder14@stanford.edu,Male,154.64.253.81
42,Man,Bradmore,mbradmore15@smugmug.com,Male,106.191.118.113
43,Debi,Wyld,dwyld16@springer.com,Female,238.89.164.242
44,Lew,Sparway,lsparway17@economist.com,Male,64.165.24.149
45,Gerald,Prate,gprate18@google.co.uk,Male,156.98.28.221
46,Yorgos,Jorry,yjorry19@goo.gl,Male,128.30.184.220
47,Sissy,Longmead,slongmead1a@rakuten.co.jp,Female,129.83.20.139
48,Larisa,Whyteman,lwhyteman1b@wix.com,Female,35.25.197.160
49,Benjamen,Gibben,bgibben1c@github.com,Male,28.5.137.245
50,Sashenka,Mogridge,smogridge1d@fotki.com,Female,105.28.73.24
51,Garold,Leeuwerink,gleeuwerink1e@freewebs.com,Male,110.164.227.74
52,Alleen,Geistmann,ageistmann1f@unicef.org,Female,152.82.47.181
53,Sherrie,Gold,sgold1g@so-net.ne.jp,Female,177.60.178.106
54,Tallie,Bengoechea,tbengoechea1h@flavors.me,Male,6.151.22.27
55,Uriel,McRill,umcrill1i@hibu.com,Male,226.72.207.137
56,Camilla,Vicioso,cvicioso1j@hugedomains.com,Female,106.57.198.31
57,Heloise,Rigney,hrigney1k@youku.com,Female,202.2.40.235
58,Janella,Dreng,jdreng1l@123-reg.co.uk,Female,238.150.24.101
59,Cyrill,McMullen,cmcmullen1m@ebay.co.uk,Male,37.189.178.213
60,Shermy,Brind,sbrind1n@imageshack.us,Male,47.147.249.44
61,Merle,Craigmyle,mcraigmyle1o@globo.com,Female,122.53.117.198
62,Lacie,Smeeth,lsmeeth1p@guardian.co.uk,Female,176.135.212.27
63,Cissiee,Mouatt,cmouatt1q@cafepress.com,Female,159.81.244.91
64,Ellwood,Bramelt,ebramelt1r@live.com,Male,236.60.214.146
65,Kristyn,Duiged,kduiged1s@washington.edu,Female,207.97.57.4
66,Micheal,Darkins,mdarkins1t@miibeian.gov.cn,Male,43.119.228.120
67,Ax,Curdell,acurdell1u@accuweather.com,Male,159.38.37.51
68,Simonne,Mathwen,smathwen1v@4shared.com,Female,10.29.165.113
69,Birgit,Whorf,bwhorf1w@fc2.com,Female,255.101.164.39
70,Tore,Tinan,ttinan1x@paypal.com,Male,87.242.18.14
71,Sigrid,Rainford,srainford1y@hp.com,Female,158.135.224.13
72,Lazarus,Duck,lduck1z@globo.com,Male,239.140.0.129
73,Mel,Walling,mwalling20@1688.com,Female,123.105.3.41
74,Eba,Ceschini,eceschini21@unc.edu,Female,19.50.232.183
75,Cordie,Mundall,cmundall22@nasa.gov,Male,36.171.9.138
76,Veriee,Muckart,vmuckart23@zdnet.com,Female,53.189.35.103
77,Neda,McCarry,nmccarry24@issuu.com,Female,15.13.225.215
78,Gardie,Wreiford,gwreiford25@youtube.com,Male,244.140.131.36
79,Zoe,Brunstan,zbrunstan26@themeforest.net,Female,116.90.51.74
80,Damiano,O'Fogerty,dofogerty27@businesswire.com,Male,54.148.186.48
81,Alphonso,Hartegan,ahartegan28@nhs.uk,Male,49.146.205.42
82,Corby,Goby,cgoby29@irs.gov,Male,124.205.59.169
83,Lewes,Bytheway,lbytheway2a@sphinn.com,Male,159.214.241.74
84,Bea,Daybell,bdaybell2b@godaddy.com,Female,207.247.160.101
85,Eddie,Houlston,ehoulston2c@un.org,Male,193.113.44.202
86,Archer,Thew,athew2d@google.com.br,Male,187.177.162.130
87,Claudine,Davydenko,cdavydenko2e@toplist.cz,Female,159.3.245.120
88,Delphinia,Vaisey,dvaisey2f@fda.gov,Female,93.165.22.207
89,Virgilio,Sherbrook,vsherbrook2g@prnewswire.com,Male,19.55.76.39
90,Frankie,Pinnion,fpinnion2h@amazon.co.jp,Female,67.216.139.28
91,Bennie,Idney,bidney2i@loc.gov,Female,165.107.124.252
92,Sherwood,Grocutt,sgrocutt2j@webmd.com,Male,203.74.144.201
93,Sean,Milsap,smilsap2k@cisco.com,Male,176.61.122.25
94,Grace,Phin,gphin2l@hatena.ne.jp,Male,46.27.119.144
95,Brandy,Mc Andrew,bmcandrew2m@telegraph.co.uk,Male,42.95.113.102
96,Mallorie,Purdy,mpurdy2n@multiply.com,Female,104.15.159.227
97,Lucas,Aberdeen,laberdeen2o@sciencedaily.com,Male,167.123.117.175
98,Maggee,Austwick,maustwick2p@nyu.edu,Female,136.121.57.4
99,Kimberli,Fontell,kfontell2q@barnesandnoble.com,Female,17.194.45.123
100,Suzanna,Joppich,sjoppich2r@nature.com,Female,177.125.169.184
101,Maddy,Exall,mexall2s@soundcloud.com,Male,53.248.60.67
102,Rafael,Stennes,rstennes2t@mit.edu,Male,72.162.148.46
103,Anabel,Cammell,acammell2u@wisc.edu,Female,72.70.245.84
104,Matias,Hawgood,mhawgood2v@theatlantic.com,Male,126.113.224.17
105,Bernete,O'Dyvoie,bodyvoie2w@macromedia.com,Female,9.104.75.21
106,Ogdon,Pranger,opranger2x@upenn.edu,Male,79.242.32.34
107,Natalee,Guillford,nguillford2y@newsvine.com,Female,51.134.136.216
108,Claiborn,Prujean,cprujean2z@yahoo.com,Male,89.16.2.211
109,Christiana,Petch,cpetch30@bandcamp.com,Female,216.217.222.198
110,Allie,Potell,apotell31@nbcnews.com,Female,59.185.116.62
111,Harriette,Caraher,hcaraher32@ibm.com,Female,24.236.16.222
112,Marty,Kirsopp,mkirsopp33@woothemes.com,Male,86.189.122.75
113,Jeramey,Tanfield,jtanfield34@about.me,Male,147.74.26.35
114,Adolph,Alentyev,aalentyev35@hubpages.com,Male,18.217.220.118
115,Elfie,Heaphy,eheaphy36@nbcnews.com,Female,121.34.139.44
116,Rafi,Nudds,rnudds37@storify.com,Male,215.90.103.218
117,Gustie,Brabbs,gbrabbs38@drupal.org,Female,111.161.105.226
118,Krista,Mackro,kmackro39@google.it,Female,86.193.167.226
119,Ilene,Crowdace,icrowdace3a@163.com,Female,197.137.9.9
120,Freida,Gregersen,fgregersen3b@eepurl.com,Female,49.252.248.56
121,Feodor,Garbert,fgarbert3c@thetimes.co.uk,Male,65.196.100.98
122,Merrel,Clewer,mclewer3d@ask.com,Male,188.113.168.77
123,Sansone,Brightie,sbrightie3e@boston.com,Male,5.208.50.15
124,Free,Kohrding,fkohrding3f@booking.com,Male,74.250.60.184
125,Leyla,Carleton,lcarleton3g@bloglines.com,Female,100.232.136.244
126,Dickie,Di Giacomo,ddigiacomo3h@gnu.org,Male,91.48.203.220
127,Patsy,Anfossi,panfossi3i@marketwatch.com,Male,234.185.136.122
128,Giana,Hoopper,ghoopper3j@epa.gov,Female,108.59.48.193
129,Cassi,Whysall,cwhysall3k@biblegateway.com,Female,36.44.185.107
130,Mac,Pendall,mpendall3l@zimbio.com,Male,97.228.139.155
131,Alexandro,Saura,asaura3m@usnews.com,Male,93.233.201.69
132,Adamo,Arrowsmith,aarrowsmith3n@psu.edu,Male,179.38.53.150
133,Sylas,Shillaber,sshillaber3o@trellian.com,Male,248.162.157.158
134,Lorilee,Worswick,lworswick3p@usatoday.com,Female,21.25.143.220
135,Levy,O' Lone,lolone3q@patch.com,Male,209.140.64.109
136,Dorice,Belfelt,dbelfelt3r@independent.co.uk,Female,167.175.238.238
137,Toddie,Bayliss,tbayliss3s@craigslist.org,Male,235.11.226.222
138,Panchito,Sutch,psutch3t@cornell.edu,Male,74.92.10.9
139,Kelcy,Harbertson,kharbertson3u@hp.com,Female,205.237.180.3
140,Jill,Firk,jfirk3v@freewebs.com,Female,87.82.226.153
141,Aloysia,Lukas,alukas3w@goodreads.com,Female,126.109.165.37
142,Julita,Georgelin,jgeorgelin3x@discovery.com,Female,120.74.96.216
143,Romeo,Madigan,rmadigan3y@merriam-webster.com,Male,144.201.171.62
144,Bibbye,Banthorpe,bbanthorpe3z@jimdo.com,Female,37.121.110.233
145,Constantia,McGann,cmcgann40@w3.org,Female,60.193.51.108
146,Minette,Bogey,mbogey41@rediff.com,Female,168.27.2.231
147,Bary,Krauss,bkrauss42@godaddy.com,Male,31.40.161.66
148,Nelia,Borgesio,nborgesio43@clickbank.net,Female,209.239.119.39
149,Rachelle,Avrahamoff,ravrahamoff44@shareasale.com,Female,163.151.54.175
150,Wallache,Sliney,wsliney45@instagram.com,Male,20.235.203.217
151,Purcell,Filby,pfilby46@harvard.edu,Male,31.240.45.150
152,Kerby,Buckney,kbuckney47@latimes.com,Male,46.244.123.183
153,Russell,Paladini,rpaladini48@technorati.com,Male,111.105.101.186
154,Hamilton,Franklin,hfranklin49@uol.com.br,Male,32.157.60.176
155,Janeta,Zack,jzack4a@nytimes.com,Female,213.152.168.88
156,Ethelbert,Muffitt,emuffitt4b@istockphoto.com,Male,113.157.222.151
157,Dunstan,Landeaux,dlandeaux4c@umich.edu,Male,249.175.106.140
158,Nanci,Teodorski,nteodorski4d@google.com.hk,Female,14.106.234.19
159,Ester,Fenney,efenney4e@wix.com,Female,161.216.145.150
160,Corri,Martyn,cmartyn4f@nhs.uk,Female,33.47.188.135
161,Keenan,Flucker,kflucker4g@miitbeian.gov.cn,Male,39.77.227.25
162,Thorn,Weekley,tweekley4h@technorati.com,Male,33.53.230.61
163,Berri,Brandacci,bbrandacci4i@unicef.org,Female,42.20.186.151
164,Shanna,Youd,syoud4j@hp.com,Female,10.77.37.181
165,Alexander,Theobald,atheobald4k@imdb.com,Male,95.209.236.231
166,Annemarie,Scrooby,ascrooby4l@eepurl.com,Female,1.169.137.144
167,Veronike,Melly,vmelly4m@booking.com,Female,44.200.106.180
168,Bekki,Spradbrow,bspradbrow4n@example.com,Female,68.236.225.14
169,Trescha,Towers,ttowers4o@usda.gov,Female,152.188.245.160
170,Paulie,Busch,pbusch4p@privacy.gov.au,Male,181.205.192.60
171,Mommy,Zettler,mzettler4q@de.vu,Female,170.200.200.237
172,Reidar,Musk,rmusk4r@earthlink.net,Male,18.44.237.147
173,Griffith,Taborre,gtaborre4s@dmoz.org,Male,207.104.172.165
174,Pierre,Shrieve,pshrieve4t@storify.com,Male,198.197.206.117
175,Samson,Jakuszewski,sjakuszewski4u@macromedia.com,Male,176.42.53.252
176,Conni,Moulson,cmoulson4v@telegraph.co.uk,Female,167.15.11.77
177,Falito,Cakebread,fcakebread4w@google.it,Male,4.218.121.118
178,Kinny,Brackstone,kbrackstone4x@purevolume.com,Male,204.127.55.77
179,Miguel,Connop,mconnop4y@dailymail.co.uk,Male,53.11.49.125
180,Max,Douse,mdouse4z@amazon.de,Female,34.88.34.189
181,Gayla,Blaxall,gblaxall50@drupal.org,Female,77.34.80.6
182,Nessie,Zuanelli,nzuanelli51@wufoo.com,Female,135.233.208.60
183,Kliment,Mowbury,kmowbury52@delicious.com,Male,109.172.160.105
184,Brina,MacIlriach,bmacilriach53@ucsd.edu,Female,138.208.24.159
185,Torrence,Eronie,teronie54@walmart.com,Male,39.87.104.115
186,Aindrea,Guyonneau,aguyonneau55@ftc.gov,Female,204.86.20.118
187,Kristen,Millott,kmillott56@wix.com,Female,111.104.16.94
188,Felike,Petyanin,fpetyanin57@topsy.com,Male,244.77.125.185
189,Hurleigh,Conniam,hconniam58@jimdo.com,Male,74.33.50.22
190,Janet,Hebborne,jhebborne59@google.cn,Female,170.248.151.80
191,Angelique,Dudman,adudman5a@miitbeian.gov.cn,Female,9.176.120.26
192,Rafa,De Carteret,rdecarteret5b@intel.com,Female,135.52.166.140
193,Harriott,Van der Beken,hvanderbeken5c@dell.com,Female,189.50.133.11
194,Gilberte,Depka,gdepka5d@yale.edu,Female,248.123.206.150
195,Lambert,Andryszczak,landryszczak5e@plala.or.jp,Male,210.210.69.29
196,Ambur,McTurk,amcturk5f@google.es,Female,113.154.57.167
197,Tito,Ply,tply5g@flavors.me,Male,14.169.241.15
198,Henrik,McNeachtain,hmcneachtain5h@dmoz.org,Male,204.139.251.148
199,Kathye,Cruttenden,kcruttenden5i@xrea.com,Female,147.65.25.70
200,Jeniffer,Baccas,jbaccas5j@cdc.gov,Female,159.213.159.19
201,Any,Mitcheson,amitcheson5k@admin.ch,Male,140.162.250.251
202,Nikolai,Levesque,nlevesque5l@amazon.co.uk,Male,113.119.148.135
203,Conant,Wiltshier,cwiltshier5m@amazon.co.uk,Male,179.248.3.227
204,Keri,Kealey,kkealey5n@over-blog.com,Female,98.229.20.210
205,Katuscha,Sute,ksute5o@drupal.org,Female,155.56.68.147
206,Evelyn,Grumbridge,egrumbridge5p@tinypic.com,Male,139.187.117.124
207,Efren,Ransome,eransome5q@pbs.org,Male,207.89.237.139
208,Junina,McAloren,jmcaloren5r@aol.com,Female,247.158.21.248
209,Toma,Zincke,tzincke5s@eventbrite.com,Female,229.132.37.16
210,Sharla,Izaac,sizaac5t@sogou.com,Female,249.95.156.19
211,Antoni,D'Oyley,adoyley5u@omniture.com,Male,187.31.78.41
212,Mallissa,Speeks,mspeeks5v@weather.com,Female,64.193.20.120
213,Lyell,Osinin,losinin5w@prnewswire.com,Male,4.231.217.202
214,Judah,Dyball,jdyball5x@bbc.co.uk,Male,43.101.91.132
215,Maribelle,Gawthrop,mgawthrop5y@marketwatch.com,Female,150.177.177.71
216,Karney,Merchant,kmerchant5z@buzzfeed.com,Male,190.44.120.59
217,Aaren,Keymar,akeymar60@ovh.net,Female,111.225.27.172
218,Claudian,Dignall,cdignall61@imageshack.us,Male,241.34.58.90
219,Diann,Mutter,dmutter62@diigo.com,Female,28.19.9.99
220,Kayne,Bleddon,kbleddon63@imgur.com,Male,14.135.161.56
221,Bear,Fulger,bfulger64@google.com.au,Male,250.71.89.16
222,Gottfried,Sawle,gsawle65@macromedia.com,Male,15.168.245.62
223,Jephthah,Philp,jphilp66@mit.edu,Male,211.8.227.89
224,Pansy,Clissell,pclissell67@baidu.com,Female,211.134.254.165
225,Homere,Yanyushkin,hyanyushkin68@taobao.com,Male,164.162.190.182
226,Uta,Yakuntsov,uyakuntsov69@reuters.com,Female,15.142.203.142
227,Claudio,Slatter,cslatter6a@utexas.edu,Male,81.234.79.98
228,Rudiger,Lyster,rlyster6b@si.edu,Male,187.105.206.54
229,Abdel,Guppey,aguppey6c@miibeian.gov.cn,Male,28.28.141.145
230,Bertrando,Walbrun,bwalbrun6d@paypal.com,Male,254.130.180.2
231,Nara,Malcolmson,nmalcolmson6e@epa.gov,Female,115.45.37.89
232,Charleen,Quilkin,cquilkin6f@behance.net,Female,92.198.42.161
233,Verile,Lembrick,vlembrick6g@npr.org,Female,98.18.4.41
234,Walsh,Rolfs,wrolfs6h@netlog.com,Male,242.121.139.30
235,Jordan,Ricart,jricart6i@vimeo.com,Male,156.30.69.121
236,Mendie,Petty,mpetty6j@google.it,Male,106.8.86.164
237,Melba,Battman,mbattman6k@simplemachines.org,Female,142.227.47.95
238,Merilyn,Sewart,msewart6l@businesswire.com,Female,6.138.42.200
239,Den,Oldcote,doldcote6m@tumblr.com,Male,61.178.36.182
240,Maribelle,Domaschke,mdomaschke6n@yelp.com,Female,246.122.62.48
241,Mallissa,Ossulton,mossulton6o@mozilla.org,Female,102.187.93.0
242,Kati,Coales,kcoales6p@dagondesign.com,Female,28.103.78.42
243,Trudey,Jeafferson,tjeafferson6q@kickstarter.com,Female,54.57.194.192
244,Lloyd,Chander,lchander6r@tripadvisor.com,Male,43.173.252.42
245,Glenn,Muckleston,gmuckleston6s@blogtalkradio.com,Male,137.83.218.214
246,Charley,Askem,caskem6t@sakura.ne.jp,Male,249.249.112.213
247,Dillon,Pinfold,dpinfold6u@pinterest.com,Male,61.67.45.95
248,Zorine,Diggell,zdiggell6v@icio.us,Female,87.150.24.149
249,Gilly,Kelinge,gkelinge6w@163.com,Female,186.42.69.179
250,Tersina,Ping,tping6x@lulu.com,Female,129.214.216.231
251,Brandice,Pitbladdo,bpitbladdo6y@dell.com,Female,154.189.80.5
252,Lauren,Birchill,lbirchill6z@freewebs.com,Female,135.36.61.103
253,Hanni,Pietroni,hpietroni70@blogtalkradio.com,Female,5.189.29.113
254,Kassey,Andrusov,kandrusov71@studiopress.com,Female,249.229.136.102
255,Zonda,Folli,zfolli72@tmall.com,Female,160.188.75.30
256,Skylar,Piggens,spiggens73@51.la,Male,26.23.130.191
257,Milt,Macilhench,mmacilhench74@dell.com,Male,127.66.174.42
258,Ike,Ranklin,iranklin75@meetup.com,Male,226.98.73.70
259,Lyndy,Kirsch,lkirsch76@twitpic.com,Female,25.61.0.39
260,Annabell,Matschek,amatschek77@psu.edu,Female,0.47.67.0
261,Orella,Fairbourne,ofairbourne78@adobe.com,Female,18.126.123.211
262,Stefan,MacDearmid,smacdearmid79@mac.com,Male,221.41.248.52
263,Skipper,Killick,skillick7a@sohu.com,Male,101.151.180.205
264,Kingsly,Proughten,kproughten7b@netlog.com,Male,239.160.113.86
265,Dal,Crafts,dcrafts7c@un.org,Male,175.241.195.193
266,Aldous,Halhead,ahalhead7d@nih.gov,Male,82.186.101.226
267,Nonnah,Nobriga,nnobriga7e@businessweek.com,Female,97.62.58.211
268,Shelbi,Geater,sgeater7f@virginia.edu,Female,232.22.164.35
269,Ezekiel,Pettyfar,epettyfar7g@flavors.me,Male,113.221.42.191
270,Gale,Dusting,gdusting7h@thetimes.co.uk,Female,239.189.159.135
271,Kristen,Behnecken,kbehnecken7i@ovh.net,Female,193.4.33.1
272,Eddy,de Glanville,edeglanville7j@ibm.com,Female,40.48.182.161
273,Alwin,Merring,amerring7k@imgur.com,Male,61.205.88.75
274,Vern,Welden,vwelden7l@ifeng.com,Male,224.72.66.74
275,Margeaux,Skeermor,mskeermor7m@wikispaces.com,Female,113.47.63.0
276,Kaia,Ryan,kryan7n@dailymotion.com,Female,176.1.78.33
277,Dione,Lewsley,dlewsley7o@gmpg.org,Female,140.66.107.157
278,Wright,Danielovitch,wdanielovitch7p@themeforest.net,Male,220.141.203.13
279,Emerson,MacMichael,emacmichael7q@list-manage.com,Male,183.180.102.255
280,Mandi,Cayet,mcayet7r@vimeo.com,Female,246.226.50.158
281,Dex,Behrendsen,dbehrendsen7s@twitpic.com,Male,169.248.224.168
282,Fraser,Burkwood,fburkwood7t@boston.com,Male,133.170.247.13
283,Chucho,Yelding,cyelding7u@wikia.com,Male,232.90.224.247
284,Wilma,Goodram,wgoodram7v@twitter.com,Female,72.63.169.109
285,Theresa,Callear,tcallear7w@comsenz.com,Female,72.254.173.139
286,Natala,Nicholl,nnicholl7x@gravatar.com,Female,51.79.154.234
287,Romeo,Valti,rvalti7y@cnbc.com,Male,72.127.200.249
288,Raff,Deeks,rdeeks7z@unblog.fr,Male,103.152.20.119
289,Vasily,Rieme,vrieme80@unicef.org,Male,208.244.19.97
290,Arlee,Heather,aheather81@bloomberg.com,Female,42.125.183.232
291,Aldridge,Rate,arate82@google.com.br,Male,24.44.33.108
292,Steffi,Baldazzi,sbaldazzi83@prweb.com,Female,146.31.83.138
293,Hurlee,Marzello,hmarzello84@reference.com,Male,232.83.9.105
294,Verene,Ducarel,vducarel85@arstechnica.com,Female,195.12.210.199
295,Kati,Errol,kerrol86@edublogs.org,Female,109.13.18.7
296,Josepha,Bernath,jbernath87@un.org,Female,149.37.44.60
297,Ellery,Ellit,eellit88@reuters.com,Male,19.57.244.149
298,Millicent,Brunnstein,mbrunnstein89@oracle.com,Female,13.141.229.16
299,Mavra,Abrahart,mabrahart8a@instagram.com,Female,43.188.252.193
300,Corina,Geeve,cgeeve8b@who.int,Female,251.232.57.20
301,Wenda,Van der Brug,wvanderbrug8c@tumblr.com,Female,8.250.40.133
302,Katerine,Lawton,klawton8d@wiley.com,Female,162.65.103.78
303,Alard,Goby,agoby8e@google.ru,Male,236.27.158.187
304,Tymothy,Crocker,tcrocker8f@discuz.net,Male,249.20.147.163
305,Michael,Loftin,mloftin8g@soundcloud.com,Male,171.228.60.210
306,Daisey,Iddens,diddens8h@issuu.com,Female,167.222.62.107
307,Aubert,Bowhay,abowhay8i@marketwatch.com,Male,201.108.47.80
308,Emlen,Gidman,egidman8j@technorati.com,Male,253.147.202.63
309,Marcy,Lowen,mlowen8k@boston.com,Female,42.51.60.13
310,Joellen,Woffinden,jwoffinden8l@va.gov,Female,244.134.244.215
311,Rabi,Melsom,rmelsom8m@globo.com,Male,5.192.224.248
312,Ashli,Shipcott,ashipcott8n@freewebs.com,Female,100.99.84.32
313,Gallard,Nelthorp,gnelthorp8o@cisco.com,Male,247.92.72.168
314,Hetty,Palumbo,hpalumbo8p@guardian.co.uk,Female,32.162.82.36
315,Ainsley,Ewells,aewells8q@gnu.org,Female,60.124.139.100
316,Frank,Cleft,fcleft8r@princeton.edu,Male,133.117.231.198
317,Ross,Sicely,rsicely8s@discuz.net,Male,27.95.136.104
318,Max,Newton,mnewton8t@state.gov,Male,89.243.63.1
319,Dore,O'Sheeryne,dosheeryne8u@123-reg.co.uk,Male,237.231.142.79
320,Angie,Gravestone,agravestone8v@bluehost.com,Female,127.181.222.95
321,Ronny,Duiged,rduiged8w@bloglovin.com,Female,168.12.26.81
322,Lucila,Tollett,ltollett8x@smh.com.au,Female,220.29.101.74
323,Tymothy,Pole,tpole8y@msu.edu,Male,4.115.63.146
324,Lia,Armes,larmes8z@ed.gov,Female,1.207.213.56
325,Brooke,Baudinot,bbaudinot90@dyndns.org,Male,5.84.225.182
326,Halli,Gallety,hgallety91@surveymonkey.com,Female,150.241.38.124
327,Germana,Vinson,gvinson92@techcrunch.com,Female,37.221.122.171
328,Aida,Colquhoun,acolquhoun93@surveymonkey.com,Female,96.82.172.180
329,Martino,De Blasio,mdeblasio94@sourceforge.net,Male,209.114.165.210
330,Cam,Blackler,cblackler95@google.fr,Male,14.229.223.25
331,Dacia,Almeida,dalmeida96@rakuten.co.jp,Female,212.174.10.176
332,Peter,Ugolini,pugolini97@vk.com,Male,139.0.121.43
333,Allina,Rubinowitch,arubinowitch98@joomla.org,Female,149.209.170.72
334,Giordano,Pencot,gpencot99@1und1.de,Male,8.59.246.135
335,Garrott,Mathelon,gmathelon9a@wired.com,Male,142.176.224.179
336,Joelie,Petit,jpetit9b@indiegogo.com,Female,202.41.74.54
337,Bat,Meldrum,bmeldrum9c@mit.edu,Male,71.5.197.0
338,Deloria,Daout,ddaout9d@t-online.de,Female,173.142.152.53
339,Hans,Pancost,hpancost9e@google.nl,Male,187.121.166.239
340,Jeannette,Muzzini,jmuzzini9f@dailymotion.com,Female,253.92.69.196
341,Bevan,Backhouse,bbackhouse9g@unesco.org,Male,151.48.64.137
342,Noble,Hasell,nhasell9h@is.gd,Male,7.117.138.203
343,Donny,Gerram,dgerram9i@upenn.edu,Male,52.200.104.108
344,Sidonia,Fermin,sfermin9j@npr.org,Female,186.152.76.146
345,Kora,Lubeck,klubeck9k@eventbrite.com,Female,86.240.160.10
346,Lolita,Dradey,ldradey9l@ebay.co.uk,Female,28.39.94.250
347,Janine,Athelstan,jathelstan9m@icio.us,Female,228.65.197.81
348,Burton,Leijs,bleijs9n@1688.com,Male,252.232.242.113
349,Ethelind,Sans,esans9o@shutterfly.com,Female,38.25.13.82
350,Gonzales,Jonas,gjonas9p@dedecms.com,Male,27.134.250.65
351,Tadd,Broxup,tbroxup9q@hhs.gov,Male,32.97.127.9
352,Melisent,Simmonett,msimmonett9r@e-recht24.de,Female,20.197.106.118
353,Junie,Downey,jdowney9s@stumbleupon.com,Female,91.121.20.146
354,Bibi,Palmer,bpalmer9t@digg.com,Female,121.152.167.208
355,Farah,Scotsbrook,fscotsbrook9u@dion.ne.jp,Female,172.0.110.253
356,Sandor,Crocken,scrocken9v@nature.com,Male,152.4.218.202
357,Sephira,Kindell,skindell9w@github.io,Female,210.89.82.230
358,Abner,Ruslinge,aruslinge9x@1und1.de,Male,189.106.123.111
359,Burlie,Guillerman,bguillerman9y@list-manage.com,Male,224.92.104.76
360,Bendick,Bulman,bbulman9z@icio.us,Male,115.219.187.226
361,Linnet,Rought,lroughta0@xrea.com,Female,183.205.230.110
362,Earle,Krochmann,ekrochmanna1@irs.gov,Male,202.190.209.137
363,Madison,Mallett,mmalletta2@lycos.com,Male,14.213.191.94
364,Fara,McGerr,fmcgerra3@joomla.org,Female,178.74.196.212
365,Florencia,Jermin,fjermina4@columbia.edu,Female,204.32.138.55
366,Cody,Everly,ceverlya5@networksolutions.com,Male,168.77.26.122
367,Brenden,Nunan,bnunana6@jalbum.net,Male,101.190.61.146
368,Friedrich,Delea,fdeleaa7@hatena.ne.jp,Male,136.28.59.117
369,Cindi,Aprahamian,caprahamiana8@mtv.com,Female,143.59.178.96
370,Ashla,Caskie,acaskiea9@nhs.uk,Female,98.81.97.71
371,Lazare,Marrian,lmarrianaa@whitehouse.gov,Male,138.133.192.199
372,Elene,Riepl,erieplab@amazon.co.jp,Female,194.142.198.171
373,Gunter,Hairyes,ghairyesac@51.la,Male,13.54.242.60
374,Rodie,Blanch,rblanchad@goo.gl,Female,226.82.209.134
375,Pearla,Halstead,phalsteadae@dropbox.com,Female,168.116.1.16
376,Blythe,Beldon,bbeldonaf@photobucket.com,Female,233.66.54.156
377,Carri,Collymore,ccollymoreag@arstechnica.com,Female,99.43.14.166
378,Marlow,Stooke,mstookeah@alibaba.com,Male,216.109.19.108
379,Saidee,Joder,sjoderai@dyndns.org,Female,145.182.56.143
380,Leon,Loddon,lloddonaj@cyberchimps.com,Male,32.222.245.22
381,Bill,Rodgman,brodgmanak@si.edu,Male,84.214.23.58
382,Wolfy,Gritten,wgrittenal@adobe.com,Male,27.215.201.213
383,Gretta,Buckenham,gbuckenhamam@gov.uk,Female,23.168.91.202
384,Alyosha,O'Day,aodayan@europa.eu,Male,20.93.75.123
385,Natal,Loveridge,nloveridgeao@simplemachines.org,Male,136.59.16.247
386,Anatola,Herity,aherityap@xinhuanet.com,Female,121.29.23.53
387,Durant,Frith,dfrithaq@histats.com,Male,224.24.198.98
388,Miran,Findon,mfindonar@salon.com,Female,220.97.55.145
389,Sally,Jillions,sjillionsas@toplist.cz,Female,133.137.240.240
390,Chic,Prise,cpriseat@examiner.com,Male,190.106.71.129
391,Joachim,Blemen,jblemenau@mozilla.com,Male,246.205.76.245
392,Giustino,Middiff,gmiddiffav@people.com.cn,Male,163.164.245.81
393,Pavla,Riba,pribaaw@globo.com,Female,51.147.119.71
394,Wanids,Prendiville,wprendivilleax@smugmug.com,Female,141.49.95.195
395,Madelle,Schroter,mschroteray@booking.com,Female,52.94.105.237
396,Bob,Golde,bgoldeaz@wikispaces.com,Male,88.137.218.68
397,Baldwin,Harrisson,bharrissonb0@timesonline.co.uk,Male,111.38.162.60
398,Tabbatha,Beardshall,tbeardshallb1@hc360.com,Female,224.190.175.67
399,Kaleena,Charlesworth,kcharlesworthb2@pcworld.com,Female,235.251.124.138
400,Dorise,Tanfield,dtanfieldb3@shop-pro.jp,Female,130.55.109.126
401,Mike,Trevino,mtrevinob4@skype.com,Male,10.126.134.59
402,Jeddy,Shilston,jshilstonb5@blogspot.com,Male,2.10.208.227
403,Kane,Larrat,klarratb6@hibu.com,Male,144.199.97.160
404,Johan,Erricker,jerrickerb7@cmu.edu,Male,27.168.170.177
405,Griffy,Pauly,gpaulyb8@xrea.com,Male,167.113.47.78
406,Herby,Hanscom,hhanscomb9@aol.com,Male,124.245.2.194
407,Win,Fosdyke,wfosdykeba@cbslocal.com,Male,121.81.97.160
408,Helaina,Mabbe,hmabbebb@newyorker.com,Female,89.224.157.21
409,Elvera,Corthes,ecorthesbc@census.gov,Female,145.24.226.223
410,Dominick,McCreedy,dmccreedybd@sbwire.com,Male,97.5.4.29
411,Alecia,Henniger,ahennigerbe@bloomberg.com,Female,213.182.248.13
412,Brennan,Maccaddie,bmaccaddiebf@nytimes.com,Male,47.30.94.229
413,Kelsi,Lacroix,klacroixbg@latimes.com,Female,9.235.134.25
414,Buddy,Goward,bgowardbh@va.gov,Male,7.83.24.20
415,Hilliard,Balbeck,hbalbeckbi@theglobeandmail.com,Male,58.157.248.192
416,Scarlet,Maasze,smaaszebj@stumbleupon.com,Female,46.239.118.195
417,Shirlene,Jessup,sjessupbk@sbwire.com,Female,235.104.28.7
418,Rodney,Geertz,rgeertzbl@wufoo.com,Male,21.183.86.50
419,Ingrim,Gurr,igurrbm@amazonaws.com,Male,217.17.61.73
420,Odette,Goodright,ogoodrightbn@flavors.me,Female,244.245.22.46
421,Adelbert,Joontjes,ajoontjesbo@samsung.com,Male,52.248.139.225
422,Gus,Broz,gbrozbp@comcast.net,Female,138.239.117.55
423,Johan,Escala,jescalabq@go.com,Male,160.169.16.158
424,Consalve,Mannin,cmanninbr@washington.edu,Male,221.68.44.17
425,Eustace,Counsell,ecounsellbs@domainmarket.com,Male,232.39.35.243
426,Ernie,Bennitt,ebennittbt@ifeng.com,Male,188.148.101.231
427,Yancey,Clitheroe,yclitheroebu@vimeo.com,Male,115.181.105.198
428,Annnora,Beecraft,abeecraftbv@themeforest.net,Female,17.33.164.120
429,Gabbie,Averall,gaverallbw@fda.gov,Female,97.4.84.86
430,Rice,Cudbird,rcudbirdbx@netvibes.com,Male,137.208.224.140
431,Isiahi,Shaw,ishawby@devhub.com,Male,148.39.192.152
432,Coletta,Limpenny,climpennybz@constantcontact.com,Female,113.252.87.176
433,Nessie,Gyde,ngydec0@msn.com,Female,94.88.99.213
434,Evangelin,Ferenczi,eferenczic1@globo.com,Female,215.208.41.163
435,Cad,Beiderbeck,cbeiderbeckc2@icq.com,Male,132.42.33.143
436,Baily,Lebel,blebelc3@webmd.com,Male,51.222.100.76
437,Ardeen,Gurnay,agurnayc4@phpbb.com,Female,27.147.28.56
438,Nicole,Robertazzi,nrobertazzic5@reddit.com,Female,177.222.146.17
439,Gilberta,Halkyard,ghalkyardc6@shop-pro.jp,Female,27.171.216.101
440,Sissie,Itzkovwitch,sitzkovwitchc7@woothemes.com,Female,161.210.227.226
441,Fanni,Conaghy,fconaghyc8@elegantthemes.com,Female,216.63.236.160
442,Rene,Stapells,rstapellsc9@hubpages.com,Female,45.169.241.22
443,Ikey,Slimon,islimonca@cafepress.com,Male,224.104.72.19
444,Berton,Petrou,bpetroucb@cornell.edu,Male,21.172.115.83
445,Channa,Cleft,ccleftcc@europa.eu,Female,235.37.129.105
446,Gonzales,Bartoloma,gbartolomacd@tmall.com,Male,213.224.34.41
447,Jackie,Rolingson,jrolingsonce@vk.com,Female,218.114.146.50
448,Loralee,Conford,lconfordcf@unblog.fr,Female,210.172.110.134
449,Leonie,Fanning,lfanningcg@state.gov,Female,71.153.37.208
450,Rosalinda,Moogan,rmooganch@cam.ac.uk,Female,45.227.255.64
451,Sal,Blaik,sblaikci@salon.com,Male,54.141.219.64
452,Clemmy,Crab,ccrabcj@mayoclinic.com,Female,197.31.248.179
453,Albie,Motten,amottenck@usnews.com,Male,133.201.253.33
454,Hammad,Frankiewicz,hfrankiewiczcl@fotki.com,Male,11.93.195.221
455,Beverly,Verrillo,bverrillocm@elpais.com,Female,88.215.5.170
456,Olivia,Relph,orelphcn@admin.ch,Female,227.74.66.86
457,Ciro,MacLese,cmacleseco@desdev.cn,Male,42.122.146.129
458,Tasha,Dollard,tdollardcp@marketwatch.com,Female,125.63.154.81
459,Wallas,Konmann,wkonmanncq@etsy.com,Male,88.156.144.37
460,Sarine,Sertin,ssertincr@google.it,Female,116.150.23.234
461,Dulce,Mayne,dmaynecs@shutterfly.com,Female,31.45.216.118
462,Kirstin,Maestrini,kmaestrinict@geocities.com,Female,158.28.31.78
463,Gerty,Phelip,gphelipcu@gov.uk,Female,59.100.81.26
464,Ancell,Aubry,aaubrycv@state.tx.us,Male,169.2.168.219
465,Theodosia,Barnbrook,tbarnbrookcw@ezinearticles.com,Female,118.242.146.91
466,Erin,Kinnach,ekinnachcx@apple.com,Female,94.159.246.202
467,Konstance,Tomblings,ktomblingscy@google.com.au,Female,7.146.83.35
468,Octavia,Instrell,oinstrellcz@stumbleupon.com,Female,50.229.30.32
469,Laure,Bilney,lbilneyd0@gizmodo.com,Female,144.255.4.33
470,Babette,Cottier,bcottierd1@spiegel.de,Female,230.96.134.61
471,Sullivan,Iorns,siornsd2@wordpress.org,Male,78.230.64.85
472,Melody,Benkhe,mbenkhed3@prnewswire.com,Female,163.131.217.145
473,Irv,Courtier,icourtierd4@mit.edu,Male,109.24.130.247
474,Rasia,Haydn,rhaydnd5@illinois.edu,Female,194.125.230.192
475,Griffie,Kleint,gkleintd6@fda.gov,Male,224.47.93.35
476,Susi,Farryann,sfarryannd7@chicagotribune.com,Female,152.123.251.111
477,Kelila,Madgin,kmadgind8@biglobe.ne.jp,Female,211.202.255.215
478,Anna-diane,Rundall,arundalld9@angelfire.com,Female,10.104.97.149
479,Martha,Sutworth,msutworthda@illinois.edu,Female,234.226.207.15
480,Kattie,Done,kdonedb@live.com,Female,8.119.72.101
481,Sylas,Crichton,scrichtondc@themeforest.net,Male,161.72.153.159
482,Anders,Borgesio,aborgesiodd@walmart.com,Male,207.210.229.62
483,Sarette,McDunlevy,smcdunlevyde@stanford.edu,Female,84.121.179.110
484,Barn,Robiou,brobioudf@va.gov,Male,252.82.14.254
485,Perri,Tritton,ptrittondg@senate.gov,Female,225.124.151.101
486,Ase,Gwillim,agwillimdh@jalbum.net,Male,252.171.52.6
487,Vincenty,Butterfint,vbutterfintdi@oracle.com,Male,93.95.104.236
488,Russ,Stonhewer,rstonhewerdj@artisteer.com,Male,88.200.52.84
489,Tam,Weber,tweberdk@indiegogo.com,Male,5.169.94.163
490,Samantha,Tyhurst,styhurstdl@ucsd.edu,Female,43.113.193.211
491,Brenna,Davidowsky,bdavidowskydm@tumblr.com,Female,245.137.82.49
492,Wallas,Abbiss,wabbissdn@java.com,Male,201.215.74.60
493,Corinne,Larrie,clarriedo@canalblog.com,Female,191.210.250.184
494,Arleta,Heningam,aheningamdp@cbc.ca,Female,131.231.104.35
495,Adam,Kochlin,akochlindq@ustream.tv,Male,28.88.206.213
496,Joy,Colquete,jcolquetedr@shareasale.com,Female,89.15.225.152
497,Tybie,Spenton,tspentonds@reuters.com,Female,225.172.129.111
498,Nehemiah,Kimpton,nkimptondt@jimdo.com,Male,67.74.82.2
499,Keelby,Franssen,kfranssendu@weibo.com,Male,229.118.179.95
500,Jarrod,Schinetti,jschinettidv@com.com,Male,112.170.64.62
501,Nancie,Pescott,npescottdw@aboutads.info,Female,31.172.72.206
502,Billie,Menpes,bmenpesdx@mac.com,Female,50.252.176.215
503,Ofella,Mabb,omabbdy@prweb.com,Female,11.165.40.31
504,Celinka,Windsor,cwindsordz@narod.ru,Female,144.100.89.46
505,Gretal,Alldre,galldree0@intel.com,Female,51.91.169.14
506,Dave,Pestridge,dpestridgee1@youtu.be,Male,250.226.250.94
507,Marney,Ballaam,mballaame2@vkontakte.ru,Female,38.17.128.253
508,Maxy,Crew,mcrewe3@techcrunch.com,Male,117.162.5.217
509,Karlene,Stallan,kstallane4@fc2.com,Female,209.238.240.194
510,Jsandye,Larose,jlarosee5@house.gov,Female,96.71.37.229
511,Lin,Grinley,lgrinleye6@cornell.edu,Male,120.176.35.126
512,Agace,Tondeur,atondeure7@umn.edu,Female,46.78.192.231
513,Faulkner,De La Coste,fdelacostee8@nature.com,Male,92.162.151.184
514,Elsie,Lambin,elambine9@gizmodo.com,Female,191.235.146.92
515,Warren,Paxman,wpaxmanea@goo.ne.jp,Male,250.230.41.140
516,Ursula,Karet,ukareteb@ucla.edu,Female,62.203.79.87
517,Tallie,Jordi,tjordiec@opera.com,Male,213.176.140.34
518,Rosaleen,Bickersteth,rbickerstethed@mapquest.com,Female,222.208.10.31
519,Ike,Antrag,iantragee@princeton.edu,Male,194.245.71.85
520,Dur,Bines,dbinesef@unesco.org,Male,130.144.151.53
521,Glyn,Assad,gassadeg@sohu.com,Male,10.64.167.87
522,Kitty,Punshon,kpunshoneh@soundcloud.com,Female,60.237.13.35
523,Stephen,Cleaveland,scleavelandei@dagondesign.com,Male,124.128.155.41
524,Kermit,Drohan,kdrohanej@netlog.com,Male,239.48.174.156
525,Vitoria,Kington,vkingtonek@bandcamp.com,Female,39.153.47.2
526,Sallie,Trayhorn,strayhornel@nba.com,Female,192.33.30.59
527,Shannen,Oleksinski,soleksinskiem@weebly.com,Female,48.33.165.84
528,Shermie,Nuzzetti,snuzzettien@techcrunch.com,Male,26.191.159.94
529,Vale,Casotti,vcasottieo@google.ru,Male,46.110.45.209
530,Trisha,Dragoe,tdragoeep@seesaa.net,Female,219.72.173.195
531,Hedvige,Sivil,hsivileq@goodreads.com,Female,61.111.246.9
532,Esdras,Warfield,ewarfielder@w3.org,Male,138.38.195.153
533,Jaymee,Dorrell,jdorrelles@intel.com,Female,150.75.64.26
534,Rodina,Durtnell,rdurtnellet@wikispaces.com,Female,145.134.42.217
535,Errick,Morrill,emorrilleu@amazonaws.com,Male,150.57.43.116
536,Fergus,Stebbings,fstebbingsev@google.de,Male,66.142.167.124
537,Kylie,Allingham,kallinghamew@ocn.ne.jp,Female,92.20.172.64
538,Timmie,Haythornthwaite,thaythornthwaiteex@weibo.com,Male,255.246.82.252
539,Luca,Darnborough,ldarnboroughey@xrea.com,Male,238.249.211.217
540,Sayers,Arnopp,sarnoppez@huffingtonpost.com,Male,241.42.236.171
541,Angelika,Crooke,acrookef0@ucla.edu,Female,186.140.19.76
542,Mattheus,Cyster,mcysterf1@japanpost.jp,Male,249.41.191.227
543,Dianne,Baynam,dbaynamf2@php.net,Female,15.118.52.104
544,Sadie,Radborn,sradbornf3@bandcamp.com,Female,123.123.85.164
545,Henrieta,MacHarg,hmachargf4@discovery.com,Female,236.172.84.57
546,Cosme,Leyband,cleybandf5@webnode.com,Male,216.150.115.216
547,Ameline,Stang-Gjertsen,astanggjertsenf6@yolasite.com,Female,3.218.179.85
548,Garwood,Dumphreys,gdumphreysf7@imgur.com,Male,168.197.133.109
549,Giselbert,Butterly,gbutterlyf8@comcast.net,Male,219.240.152.84
550,Wit,Duffyn,wduffynf9@pbs.org,Male,43.86.50.196
551,Lyn,Watmough,lwatmoughfa@nifty.com,Female,22.187.119.213
552,Lucille,Bloxsum,lbloxsumfb@delicious.com,Female,97.150.128.177
553,Lexis,Elacoate,lelacoatefc@webnode.com,Female,20.154.20.202
554,Winonah,Labrone,wlabronefd@gov.uk,Female,92.58.181.30
555,Joela,Morratt,jmorrattfe@de.vu,Female,203.73.249.142
556,Billy,Filippello,bfilippelloff@weebly.com,Female,147.197.102.75
557,Sallie,Ellam,sellamfg@unblog.fr,Female,178.40.21.45
558,Stacey,D'Abbot-Doyle,sdabbotdoylefh@shinystat.com,Female,130.53.156.218
559,Jamil,Kryska,jkryskafi@cafepress.com,Male,118.22.178.76
560,Merl,Rickeard,mrickeardfj@epa.gov,Female,39.126.153.66
561,Grenville,Nettleship,gnettleshipfk@artisteer.com,Male,19.91.93.52
562,Beale,Driffield,bdriffieldfl@so-net.ne.jp,Male,205.206.206.11
563,Bail,Barrie,bbarriefm@zdnet.com,Male,12.103.231.223
564,Darleen,Flockhart,dflockhartfn@ameblo.jp,Female,209.136.11.192
565,Sarita,Chaikovski,schaikovskifo@narod.ru,Female,59.248.12.244
566,Fee,Dumphy,fdumphyfp@alibaba.com,Male,233.137.70.244
567,Cassandre,Limer,climerfq@mysql.com,Female,80.105.0.28
568,Cozmo,Toppin,ctoppinfr@dot.gov,Male,146.41.208.171
569,Ram,Leander,rleanderfs@people.com.cn,Male,147.10.70.2
570,Davida,Brearley,dbrearleyft@unc.edu,Female,130.183.101.201
571,Veronika,Abbado,vabbadofu@webnode.com,Female,182.150.180.72
572,Stefano,Feasby,sfeasbyfv@canalblog.com,Male,156.126.186.16
573,Carolina,Darey,cdareyfw@prnewswire.com,Female,89.182.223.207
574,Luce,Limb,llimbfx@miitbeian.gov.cn,Male,252.245.16.153
575,Charita,Russilll,crussilllfy@tinypic.com,Female,114.83.216.177
576,Joe,Ivakhno,jivakhnofz@who.int,Male,134.138.221.103
577,Ginger,Kitchenside,gkitchensideg0@bluehost.com,Male,157.230.58.142
578,Gray,Jerzykiewicz,gjerzykiewiczg1@noaa.gov,Female,80.234.224.255
579,Clementina,Dunnet,cdunnetg2@scientificamerican.com,Female,106.159.125.129
580,Christine,Minerdo,cminerdog3@ft.com,Female,116.1.98.232
581,Doreen,Curner,dcurnerg4@jalbum.net,Female,222.244.164.107
582,August,Hilldrop,ahilldropg5@lycos.com,Male,199.126.37.223
583,Albrecht,Pavlik,apavlikg6@google.com.hk,Male,49.210.121.187
584,Carmine,Chazerand,cchazerandg7@imageshack.us,Male,21.141.172.35
585,De witt,Fardoe,dfardoeg8@zdnet.com,Male,177.157.202.200
586,Eudora,Breckon,ebreckong9@va.gov,Female,144.29.137.6
587,Eleonore,Frantzeni,efrantzeniga@howstuffworks.com,Female,150.70.234.134
588,Karin,McLaggan,kmclaggangb@quantcast.com,Female,59.199.249.161
589,Kati,Rodenburgh,krodenburghgc@odnoklassniki.ru,Female,44.212.202.229
590,Coralie,Voase,cvoasegd@123-reg.co.uk,Female,1.114.190.1
591,Murial,Quickenden,mquickendenge@cafepress.com,Female,210.187.26.183
592,Fleurette,Nuttey,fnutteygf@youtu.be,Female,201.188.126.141
593,Trenton,Bockman,tbockmangg@bbc.co.uk,Male,66.221.92.246
594,Aurlie,Aysik,aaysikgh@goo.gl,Female,29.179.87.211
595,Anton,Thistleton,athistletongi@t-online.de,Male,124.217.55.250
596,Koenraad,Crehan,kcrehangj@craigslist.org,Male,41.232.244.60
597,Daniele,Lowdham,dlowdhamgk@themeforest.net,Female,59.37.142.245
598,Saba,Fullegar,sfullegargl@yolasite.com,Female,76.48.116.53
599,Darell,Brockie,dbrockiegm@ameblo.jp,Female,180.162.108.23
600,Inez,Scrowton,iscrowtongn@spotify.com,Female,57.147.42.93
601,Ofella,Seniour,oseniourgo@cbsnews.com,Female,144.82.38.164
602,Adelbert,Townsend,atownsendgp@over-blog.com,Male,169.4.198.143
603,Nettle,Sidworth,nsidworthgq@ifeng.com,Female,121.131.180.91
604,Camella,Matthews,cmatthewsgr@salon.com,Female,75.17.131.219
605,Lea,Stollmeyer,lstollmeyergs@gmpg.org,Female,82.42.7.24
606,Innis,Marzele,imarzelegt@vimeo.com,Male,86.254.192.244
607,Alejandra,Simakov,asimakovgu@cnbc.com,Female,236.213.202.9
608,Shannon,Cosh,scoshgv@hp.com,Male,184.245.196.185
609,Cristen,Swallow,cswallowgw@skyrock.com,Female,3.216.20.72
610,Willem,Shuttle,wshuttlegx@mapquest.com,Male,161.32.43.135
611,Colman,Scammell,cscammellgy@example.com,Male,161.54.117.53
612,Yolanthe,Mendoza,ymendozagz@indiatimes.com,Female,197.175.221.157
613,Lanae,Brodbin,lbrodbinh0@gravatar.com,Female,253.57.149.143
614,Carling,Trussell,ctrussellh1@networkadvertising.org,Male,150.167.33.228
615,Marven,Gindghill,mgindghillh2@irs.gov,Male,193.181.151.198
616,Larine,Colisbe,lcolisbeh3@wordpress.com,Female,24.218.142.200
617,Jocelyne,Krienke,jkrienkeh4@nhs.uk,Female,27.110.63.27
618,Cassondra,Drewitt,cdrewitth5@disqus.com,Female,208.173.14.66
619,Stephine,Bentke,sbentkeh6@devhub.com,Female,87.206.10.134
620,Creight,Janoch,cjanochh7@seattletimes.com,Male,195.47.152.150
621,Melissa,Varfolomeev,mvarfolomeevh8@ow.ly,Female,99.214.30.18
622,Zorina,Murcott,zmurcotth9@reverbnation.com,Female,19.139.101.123
623,Gwyneth,Hargerie,ghargerieha@vkontakte.ru,Female,131.173.49.54
624,Myca,Todhunter,mtodhunterhb@domainmarket.com,Male,66.245.125.94
625,Kary,Bastian,kbastianhc@ifeng.com,Female,242.245.145.228
626,Billie,Hurch,bhurchhd@admin.ch,Male,163.26.252.174
627,Catlee,Woolaghan,cwoolaghanhe@nps.gov,Female,189.149.92.99
628,Forbes,Godsmark,fgodsmarkhf@mail.ru,Male,60.20.42.24
629,Gerome,Madgett,gmadgetthg@godaddy.com,Male,174.112.238.112
630,Natividad,Shire,nshirehh@yahoo.co.jp,Female,234.6.132.90
631,Etti,Pilkington,epilkingtonhi@delicious.com,Female,129.238.130.75
632,Traver,Tatlowe,ttatlowehj@51.la,Male,243.219.214.121
633,Norma,Hurn,nhurnhk@bandcamp.com,Female,64.217.237.12
634,Athene,Dore,adorehl@time.com,Female,197.183.172.11
635,Shandeigh,Gilliard,sgilliardhm@mac.com,Female,233.96.109.144
636,Ronnie,Verny,rvernyhn@sciencedirect.com,Female,126.46.195.209
637,Ninette,Dybell,ndybellho@zdnet.com,Female,181.61.189.239
638,Brok,Whapham,bwhaphamhp@bing.com,Male,100.20.216.7
639,Eamon,Lerwill,elerwillhq@wikispaces.com,Male,150.182.225.110
640,Olag,Nazaret,onazarethr@sciencedirect.com,Male,226.67.31.72
641,Osbert,Hanbury-Brown,ohanburybrownhs@cnbc.com,Male,179.27.176.176
642,Ali,Kale,akaleht@newsvine.com,Female,13.107.72.149
643,Alina,Fawcett,afawcetthu@usda.gov,Female,88.24.232.10
644,Adi,McAughtry,amcaughtryhv@walmart.com,Female,25.114.255.112
645,Sheeree,Tooher,stooherhw@dailymail.co.uk,Female,86.97.62.222
646,Granthem,Illidge,gillidgehx@discovery.com,Male,221.165.101.121
647,Honoria,Huxster,hhuxsterhy@quantcast.com,Female,9.87.85.39
648,Iggy,Stanners,istannershz@cnn.com,Male,5.238.129.68
649,Bradford,Galbreth,bgalbrethi0@wikipedia.org,Male,226.1.67.125
650,Kelvin,Challiss,kchallissi1@chicagotribune.com,Male,124.127.99.39
651,Kain,Jozaitis,kjozaitisi2@wordpress.com,Male,42.117.159.139
652,Kimberley,Follows,kfollowsi3@cbc.ca,Female,167.79.58.121
653,Dave,Escalera,descalerai4@latimes.com,Male,231.23.100.251
654,Tanney,Daintrey,tdaintreyi5@usda.gov,Male,128.220.97.172
655,Nedda,Huntington,nhuntingtoni6@amazon.co.uk,Female,225.255.10.40
656,Lucas,Hawkeswood,lhawkeswoodi7@skype.com,Male,246.121.53.144
657,Mirabella,Brounsell,mbrounselli8@upenn.edu,Female,254.85.154.212
658,Bobbi,Gonzalvo,bgonzalvoi9@cbc.ca,Female,231.235.51.149
659,Isaak,Scotter,iscotteria@ox.ac.uk,Male,233.242.116.241
660,Jarrod,Hearty,jheartyib@chicagotribune.com,Male,245.10.101.251
661,Kristel,Eldrid,keldridic@acquirethisname.com,Female,244.248.254.45
662,Gweneth,McNally,gmcnallyid@ovh.net,Female,244.133.219.210
663,Cy,Coole,ccooleie@ow.ly,Male,224.148.167.88
664,Mala,D'Costa,mdcostaif@opensource.org,Female,22.46.109.84
665,Kassia,Toope,ktoopeig@microsoft.com,Female,15.62.183.75
666,Palm,Alan,palanih@quantcast.com,Male,62.239.149.223
667,Arthur,Innerstone,ainnerstoneii@ftc.gov,Male,144.137.203.155
668,Lionello,Tuckey,ltuckeyij@harvard.edu,Male,153.118.217.20
669,Brien,Jordin,bjordinik@microsoft.com,Male,88.31.188.230
670,Cathryn,Littlepage,clittlepageil@hc360.com,Female,52.49.125.76
671,Orran,Bettenson,obettensonim@cbslocal.com,Male,220.135.194.9
672,Matty,Fere,mferein@wiley.com,Male,248.93.202.23
673,Hill,Hurd,hhurdio@imdb.com,Male,4.223.81.222
674,Raimund,Druhan,rdruhanip@timesonline.co.uk,Male,117.42.95.94
675,Atalanta,Bricknell,abricknelliq@cam.ac.uk,Female,193.39.67.211
676,Rorie,Sabate,rsabateir@amazon.com,Female,213.219.150.102
677,Percival,Boyen,pboyenis@gnu.org,Male,114.158.250.207
678,Cheri,Glanester,cglanesterit@uiuc.edu,Female,69.90.245.49
679,Giulia,Odhams,godhamsiu@bing.com,Female,7.180.251.249
680,Annmarie,Eldershaw,aeldershawiv@google.com.br,Female,172.110.121.59
681,Adelice,Ten Broek,atenbroekiw@tmall.com,Female,219.206.219.220
682,Kaine,Lynthal,klynthalix@flavors.me,Male,121.46.187.207
683,Kathie,Burdas,kburdasiy@rakuten.co.jp,Female,239.164.13.235
684,Chastity,Denecamp,cdenecampiz@stanford.edu,Female,137.2.36.142
685,Harriette,Elvidge,helvidgej0@mtv.com,Female,111.245.228.130
686,Miguel,Force,mforcej1@odnoklassniki.ru,Male,55.43.23.159
687,Charo,Grevel,cgrevelj2@behance.net,Female,111.239.70.197
688,Emanuele,Attenbrough,eattenbroughj3@live.com,Male,169.96.74.248
689,Teresina,Vian,tvianj4@rambler.ru,Female,224.228.171.28
690,Warner,Brinicombe,wbrinicombej5@artisteer.com,Male,165.209.89.216
691,Maynard,Poxton,mpoxtonj6@paginegialle.it,Male,108.241.65.156
692,Reube,Scotchmore,rscotchmorej7@zimbio.com,Male,219.9.139.226
693,Averil,Capitano,acapitanoj8@blogs.com,Male,213.62.37.238
694,Timotheus,Johnsee,tjohnseej9@who.int,Male,7.160.230.224
695,Yale,Akerman,yakermanja@rambler.ru,Male,151.139.114.54
696,Hannis,Hurdiss,hhurdissjb@fda.gov,Female,147.229.78.103
697,Feliza,Roadknight,froadknightjc@irs.gov,Female,244.133.125.19
698,Loralyn,Struis,lstruisjd@posterous.com,Female,69.251.131.135
699,Nils,Jacob,njacobje@pinterest.com,Male,228.146.53.250
700,Carola,Waugh,cwaughjf@tumblr.com,Female,145.40.78.16
701,Flor,Pragnall,fpragnalljg@themeforest.net,Female,54.122.26.192
702,Barton,Shillabeare,bshillabearejh@bandcamp.com,Male,234.95.132.199
703,Carlyle,Prebble,cprebbleji@infoseek.co.jp,Male,46.184.245.129
704,Ondrea,Lafayette,olafayettejj@nps.gov,Female,74.117.4.128
705,Christan,Grainge,cgraingejk@opensource.org,Female,92.189.188.127
706,Mata,Wallhead,mwallheadjl@dropbox.com,Male,110.63.102.164
707,Dayle,Gimeno,dgimenojm@si.edu,Female,14.36.26.143
708,Emilie,Cooke,ecookejn@ameblo.jp,Female,228.224.210.190
709,Maurice,McJarrow,mmcjarrowjo@goo.ne.jp,Male,253.204.149.172
710,Rozanna,Stickney,rstickneyjp@surveymonkey.com,Female,169.86.239.183
711,Jaquelin,Larchiere,jlarchierejq@dion.ne.jp,Female,230.170.220.78
712,Gelya,Lody,glodyjr@blogger.com,Female,1.18.87.27
713,Morten,Eveleigh,meveleighjs@freewebs.com,Male,199.128.237.158
714,Sylas,Milsap,smilsapjt@cdc.gov,Male,110.6.103.145
715,Isak,Platfoot,iplatfootju@lulu.com,Male,1.72.95.205
716,Kaitlyn,De'Vere - Hunt,kdeverehuntjv@opensource.org,Female,140.147.70.14
717,Gabriell,Burgyn,gburgynjw@ucoz.ru,Female,10.166.13.117
718,Anson,Klimko,aklimkojx@intel.com,Male,189.220.127.138
719,Tess,Leary,tlearyjy@wikia.com,Female,129.128.171.152
720,Gerardo,Saben,gsabenjz@soundcloud.com,Male,53.98.213.178
721,Hilde,Spinella,hspinellak0@cisco.com,Female,19.58.74.28
722,Susanetta,Hanley,shanleyk1@time.com,Female,70.154.80.200
723,Corly,Bente,cbentek2@mail.ru,Female,150.43.62.145
724,Orella,Gorman,ogormank3@last.fm,Female,111.70.38.166
725,Garrik,Balfour,gbalfourk4@g.co,Male,254.209.141.15
726,Lancelot,Pelling,lpellingk5@vistaprint.com,Male,221.208.75.212
727,Ellette,Piwall,epiwallk6@economist.com,Female,51.130.46.182
728,Rosie,Hebbes,rhebbesk7@behance.net,Female,238.54.160.161
729,Marius,Magne,mmagnek8@uol.com.br,Male,8.30.232.6
730,Leeland,How,lhowk9@bloglines.com,Male,251.163.71.16
731,Boyce,Ollis,bolliska@seattletimes.com,Male,54.204.237.198
732,Charlton,McQuarrie,cmcquarriekb@prlog.org,Male,48.234.120.17
733,Richmound,Earp,rearpkc@geocities.jp,Male,233.123.37.180
734,Eadie,Godbolt,egodboltkd@yellowbook.com,Female,117.37.135.102
735,Eb,Staziker,estazikerke@berkeley.edu,Male,213.94.60.70
736,Alfred,Hoyt,ahoytkf@tiny.cc,Male,200.165.93.172
737,Law,Snell,lsnellkg@hugedomains.com,Male,162.112.203.164
738,Arabele,Hansbury,ahansburykh@independent.co.uk,Female,251.232.235.87
739,Kimberlee,Wolters,kwolterski@ow.ly,Female,6.208.184.199
740,Elicia,Fishley,efishleykj@godaddy.com,Female,113.85.67.138
741,Donny,Sarra,dsarrakk@youtube.com,Male,91.183.78.110
742,Pincas,Goadby,pgoadbykl@icq.com,Male,6.199.22.7
743,Brandise,Marchiso,bmarchisokm@storify.com,Female,38.111.224.161
744,Kathryne,Ox,koxkn@bandcamp.com,Female,12.200.199.32
745,Anastasia,Pillinger,apillingerko@auda.org.au,Female,194.151.94.5
746,Rodolph,Linay,rlinaykp@acquirethisname.com,Male,72.229.188.84
747,Selby,Harsent,sharsentkq@mac.com,Male,33.163.18.153
748,Ward,Tremmil,wtremmilkr@cyberchimps.com,Male,66.170.58.202
749,Johann,Gosdin,jgosdinks@baidu.com,Male,237.169.160.37
750,Pepita,Klaus,pklauskt@cbc.ca,Female,252.226.24.90
751,Tessa,Spores,tsporesku@opera.com,Female,206.121.65.125
752,Cassie,Shillito,cshillitokv@accuweather.com,Female,229.18.178.227
753,Ralf,Penvarden,rpenvardenkw@washington.edu,Male,41.205.206.138
754,Tully,Spira,tspirakx@lycos.com,Male,145.38.251.67
755,Wildon,Clemenson,wclemensonky@etsy.com,Male,51.254.101.161
756,Lazarus,Spileman,lspilemankz@geocities.com,Male,217.141.204.188
757,Mitchell,Cardenas,mcardenasl0@wisc.edu,Male,199.84.58.67
758,Verne,Barrus,vbarrusl1@eventbrite.com,Male,129.199.221.86
759,Jed,Kerner,jkernerl2@soup.io,Male,204.22.105.221
760,Margret,Linger,mlingerl3@census.gov,Female,113.228.193.249
761,Gabbey,Lifton,gliftonl4@yahoo.co.jp,Female,167.191.187.90
762,Lothaire,Durrell,ldurrelll5@smh.com.au,Male,113.224.221.17
763,Andie,Morhall,amorhalll6@google.ca,Male,202.211.216.19
764,Reynard,Aylmer,raylmerl7@theglobeandmail.com,Male,247.106.113.236
765,Foss,Claxson,fclaxsonl8@ox.ac.uk,Male,113.10.240.4
766,Sapphira,Maccraw,smaccrawl9@netvibes.com,Female,124.155.38.45
767,Eduard,Leggen,eleggenla@ycombinator.com,Male,57.135.100.23
768,Trent,Friar,tfriarlb@noaa.gov,Male,128.172.89.138
769,Minor,Stearne,mstearnelc@feedburner.com,Male,2.62.219.29
770,Ali,Hadgraft,ahadgraftld@addthis.com,Male,86.14.250.203
771,Chastity,Mearns,cmearnsle@ft.com,Female,0.181.150.108
772,Sonya,Mauvin,smauvinlf@google.fr,Female,209.156.28.153
773,Inesita,Beefon,ibeefonlg@ox.ac.uk,Female,150.31.93.51
774,Kirstyn,Beamson,kbeamsonlh@wikispaces.com,Female,0.48.217.168
775,Annora,Garthshore,agarthshoreli@tmall.com,Female,55.215.165.175
776,Valli,Derisley,vderisleylj@gizmodo.com,Female,186.36.165.106
777,Bone,Duplain,bduplainlk@ftc.gov,Male,188.242.79.3
778,Doreen,Grouer,dgrouerll@wisc.edu,Female,222.9.103.137
779,Wilie,Bewick,wbewicklm@jugem.jp,Female,74.133.26.0
780,Bud,Layborn,blaybornln@techcrunch.com,Male,24.48.36.170
781,Tatiania,Kobierra,tkobierralo@pinterest.com,Female,201.221.246.225
782,Olenka,Greggs,ogreggslp@joomla.org,Female,123.228.246.56
783,Dene,MacCaughan,dmaccaughanlq@gravatar.com,Male,131.165.235.99
784,Arleta,Winton,awintonlr@delicious.com,Female,204.223.29.31
785,Arda,Alleway,aallewayls@msn.com,Female,99.133.50.101
786,Tonia,Philps,tphilpslt@instagram.com,Female,116.219.52.130
787,Georas,Dudding,gduddinglu@typepad.com,Male,43.154.79.158
788,Leroi,Odby,lodbylv@ning.com,Male,135.199.235.206
789,Bridget,Henriques,bhenriqueslw@nhs.uk,Female,181.93.5.160
790,Bonny,Templar,btemplarlx@mysql.com,Female,231.159.84.80
791,Nobe,Halhead,nhalheadly@aol.com,Male,193.197.137.15
792,Kara-lynn,Sommerville,ksommervillelz@theglobeandmail.com,Female,99.155.140.250
793,Lettie,Bellerby,lbellerbym0@oracle.com,Female,72.199.69.55
794,Steffen,Loveard,sloveardm1@omniture.com,Male,36.169.156.158
795,Thaddus,Collinson,tcollinsonm2@google.fr,Male,35.224.191.21
796,Ida,Czaple,iczaplem3@a8.net,Female,91.187.189.32
797,Yul,Fritche,yfritchem4@netvibes.com,Male,255.20.16.195
798,Adah,Gavrielli,agavriellim5@exblog.jp,Female,208.248.133.133
799,Lenna,Dyton,ldytonm6@angelfire.com,Female,131.248.26.165
800,Phoebe,Blunsden,pblunsdenm7@instagram.com,Female,254.237.214.38
801,Ichabod,Petrello,ipetrellom8@statcounter.com,Male,129.77.98.194
802,Frank,Tuffrey,ftuffreym9@sciencedirect.com,Female,129.55.208.197
803,Staci,Crank,scrankma@ebay.com,Female,163.62.199.42
804,Sella,Clitherow,sclitherowmb@adobe.com,Female,125.246.42.79
805,Artemas,Keeling,akeelingmc@cdc.gov,Male,1.127.181.30
806,Roosevelt,Grabbam,rgrabbammd@marketwatch.com,Male,137.204.29.71
807,Elwood,Lunney,elunneyme@jugem.jp,Male,208.60.32.245
808,Chrissie,Crinion,ccrinionmf@buzzfeed.com,Male,168.237.120.105
809,Charlton,Glenister,cglenistermg@who.int,Male,77.212.246.24
810,Masha,Emmatt,memmattmh@w3.org,Female,79.63.142.225
811,Perry,Caldero,pcalderomi@epa.gov,Female,247.193.99.170
812,Hort,Gladman,hgladmanmj@homestead.com,Male,226.126.196.181
813,Staford,Maybey,smaybeymk@plala.or.jp,Male,208.187.104.70
814,Patrice,Di Biaggi,pdibiaggiml@dion.ne.jp,Female,146.233.170.75
815,Mignonne,Rosso,mrossomm@biblegateway.com,Female,42.217.113.60
816,Lila,Bilbey,lbilbeymn@youku.com,Female,191.37.85.94
817,Teodora,Bridgestock,tbridgestockmo@ameblo.jp,Female,0.110.222.81
818,Jimmie,Taberner,jtabernermp@cloudflare.com,Male,30.228.11.142
819,Genevra,Deering,gdeeringmq@phoca.cz,Female,12.60.187.30
820,Otho,Comar,ocomarmr@businessinsider.com,Male,34.72.153.95
821,Maisie,Baumert,mbaumertms@ovh.net,Female,231.130.9.124
822,Silas,Scarse,sscarsemt@cbslocal.com,Male,157.255.66.67
823,Lolita,Colliford,lcollifordmu@clickbank.net,Female,24.169.135.250
824,Bernelle,Aldin,baldinmv@about.me,Female,240.94.218.82
825,Jody,Geldeford,jgeldefordmw@webmd.com,Female,238.83.155.149
826,Tudor,Olsen,tolsenmx@goo.gl,Male,51.60.88.216
827,Kenny,Leahair,kleahairmy@ucoz.ru,Male,61.87.58.88
828,Shelton,Kellen,skellenmz@tripod.com,Male,28.82.231.97
829,Beck,Saveall,bsavealln0@chronoengine.com,Male,74.54.41.148
830,Wenonah,Greneham,wgrenehamn1@chron.com,Female,168.9.151.183
831,Ardeen,Shimmin,ashimminn2@utexas.edu,Female,32.235.195.96
832,Earlie,Besnardeau,ebesnardeaun3@woothemes.com,Male,243.241.160.73
833,Bart,McGown,bmcgownn4@elegantthemes.com,Male,154.48.66.51
834,Carolin,Bozworth,cbozworthn5@etsy.com,Female,140.196.133.45
835,Ford,Runnett,frunnettn6@discuz.net,Male,0.236.24.65
836,Valerye,Moger,vmogern7@foxnews.com,Female,207.113.245.143
837,Nada,Carrivick,ncarrivickn8@pagesperso-orange.fr,Female,253.88.168.226
838,Kendricks,MacAlaster,kmacalastern9@ucsd.edu,Male,61.102.172.240
839,Charlie,Muzzini,cmuzzinina@businesswire.com,Male,191.15.115.157
840,Rosene,Sparey,rspareynb@marketwatch.com,Female,2.170.174.95
841,Malia,McGawn,mmcgawnnc@cpanel.net,Female,211.191.76.43
842,Trent,Maymand,tmaymandnd@soundcloud.com,Male,199.121.71.85
843,Annabel,Haggart,ahaggartne@mit.edu,Female,71.230.220.32
844,Riannon,Footer,rfooternf@amazon.co.uk,Female,248.245.36.148
845,Elyse,Barthelmes,ebarthelmesng@paypal.com,Female,152.23.245.77
846,Kipp,aManger,kamangernh@lulu.com,Male,66.235.162.199
847,Clair,Edmead,cedmeadni@ovh.net,Male,203.47.223.128
848,Ariella,Badland,abadlandnj@istockphoto.com,Female,244.4.162.200
849,Aimil,Ryce,arycenk@businesswire.com,Female,79.113.1.189
850,Moreen,Vasyukhin,mvasyukhinnl@rediff.com,Female,171.154.2.180
851,Dell,Whitfield,dwhitfieldnm@wikimedia.org,Male,102.234.246.181
852,Hanny,Gedge,hgedgenn@google.com.hk,Female,130.183.156.172
853,Cassi,Jurn,cjurnno@cnet.com,Female,170.1.226.152
854,Ofilia,Crannach,ocrannachnp@reddit.com,Female,169.36.132.160
855,Vaughan,Scriviner,vscrivinernq@time.com,Male,169.178.254.164
856,Tina,Dymocke,tdymockenr@wix.com,Female,251.48.17.241
857,Cynthy,California,ccalifornians@google.co.jp,Female,157.112.21.101
858,Theressa,Meekins,tmeekinsnt@nsw.gov.au,Female,168.183.63.242
859,Jen,Vlasenko,jvlasenkonu@privacy.gov.au,Female,60.121.31.51
860,Douglas,Trussler,dtrusslernv@youtu.be,Male,74.84.9.228
861,Terri-jo,Bartolic,tbartolicnw@pbs.org,Female,7.85.70.212
862,Humphrey,Gohier,hgohiernx@e-recht24.de,Male,254.227.43.82
863,Franciska,Tucknutt,ftucknuttny@amazon.co.jp,Female,200.150.28.151
864,Reidar,Poat,rpoatnz@barnesandnoble.com,Male,136.241.108.115
865,Orelie,Breffitt,obreffitto0@ftc.gov,Female,91.99.113.129
866,Gannon,Pedroni,gpedronio1@msu.edu,Male,251.85.163.50
867,Matthaeus,Townend,mtownendo2@spotify.com,Male,90.117.218.248
868,Mortimer,Farady,mfaradyo3@bizjournals.com,Male,86.35.90.7
869,Roze,Harbottle,rharbottleo4@arstechnica.com,Female,136.160.7.23
870,Gibb,Matthias,gmatthiaso5@networksolutions.com,Male,247.213.11.159
871,Merrill,Volet,mvoleto6@japanpost.jp,Male,31.183.52.40
872,Ulises,Grichukhanov,ugrichukhanovo7@reverbnation.com,Male,104.55.41.24
873,Edwin,Saipy,esaipyo8@apache.org,Male,63.66.182.255
874,Claiborne,Slinn,cslinno9@shinystat.com,Male,244.81.140.50
875,Wolf,Winspar,wwinsparoa@freewebs.com,Male,72.175.114.243
876,Karlens,Dannehl,kdannehlob@phpbb.com,Male,31.73.223.231
877,Gerda,Balwin,gbalwinoc@com.com,Female,200.211.147.241
878,Marylou,Rodrigues,mrodriguesod@indiegogo.com,Female,49.177.222.17
879,Belinda,Stannion,bstannionoe@paypal.com,Female,237.246.179.200
880,Milena,Winkle,mwinkleof@joomla.org,Female,151.124.153.252
881,Jamal,Iacobassi,jiacobassiog@umich.edu,Male,220.103.173.246
882,Bryon,Sissons,bsissonsoh@geocities.jp,Male,75.176.26.157
883,Kilian,Kauffman,kkauffmanoi@europa.eu,Male,11.236.137.186
884,Marysa,Arnot,marnotoj@seattletimes.com,Female,169.224.33.42
885,Lutero,Mauser,lmauserok@oakley.com,Male,175.85.234.247
886,Debi,Huband,dhubandol@cnbc.com,Female,197.84.146.27
887,Edgardo,Lapping,elappingom@buzzfeed.com,Male,53.112.133.105
888,Blaine,Kew,bkewon@nasa.gov,Male,2.157.69.5
889,Preston,Loudyan,ploudyanoo@themeforest.net,Male,75.60.54.216
890,Boothe,Overbury,boverburyop@icq.com,Male,113.246.227.249
891,Kay,Attree,kattreeoq@is.gd,Female,220.34.11.207
892,Elihu,Heatlie,eheatlieor@examiner.com,Male,138.169.172.83
893,Taryn,Gann,tgannos@ucoz.ru,Female,46.96.184.207
894,Moreen,MacLaughlin,mmaclaughlinot@amazon.de,Female,78.232.162.191
895,Ivett,Kernermann,ikernermannou@ibm.com,Female,238.236.222.98
896,Augustina,McDougall,amcdougallov@zdnet.com,Female,9.101.20.36
897,Renell,Roo,rrooow@odnoklassniki.ru,Female,86.98.72.83
898,Annemarie,Mulkerrins,amulkerrinsox@csmonitor.com,Female,95.172.77.41
899,Meriel,Kensit,mkensitoy@over-blog.com,Female,136.187.164.227
900,Dolf,Cordy,dcordyoz@nps.gov,Male,249.196.174.187
901,Meggie,Johantges,mjohantgesp0@nationalgeographic.com,Female,192.136.47.110
902,Happy,Brothwood,hbrothwoodp1@technorati.com,Female,184.249.21.9
903,Brennen,Stetlye,bstetlyep2@cam.ac.uk,Male,88.132.139.193
904,Tammy,Heaford,theafordp3@zimbio.com,Male,149.133.75.11
905,Kial,Phillot,kphillotp4@weebly.com,Female,133.253.188.45
906,Rayner,Gladebeck,rgladebeckp5@craigslist.org,Male,196.240.206.146
907,Bradley,Palluschek,bpalluschekp6@japanpost.jp,Male,8.124.0.8
908,Park,Sweetenham,psweetenhamp7@yellowpages.com,Male,33.237.16.243
909,Bobbie,Train,btrainp8@sourceforge.net,Male,185.6.191.165
910,Matias,Howsan,mhowsanp9@webeden.co.uk,Male,148.222.60.48
911,Francklin,Hechlin,fhechlinpa@paypal.com,Male,18.124.94.240
912,Georgeanne,Tohill,gtohillpb@noaa.gov,Female,179.106.99.216
913,Sharleen,Bowart,sbowartpc@washingtonpost.com,Female,62.101.241.105
914,Archibold,Brazier,abrazierpd@bbb.org,Male,52.165.21.114
915,Vinson,Seggie,vseggiepe@geocities.com,Male,171.242.13.251
916,Kalila,Nutkins,knutkinspf@virginia.edu,Female,209.59.217.205
917,Gaylor,Packwood,gpackwoodpg@mtv.com,Male,157.49.182.147
918,Jaime,Gytesham,jgyteshamph@usatoday.com,Female,104.121.59.253
919,Coop,Gahagan,cgahaganpi@is.gd,Male,112.123.70.116
920,Etienne,Glasscott,eglasscottpj@tamu.edu,Male,224.81.154.26
921,Shelby,Sadd,ssaddpk@irs.gov,Male,195.169.95.55
922,Margot,MacDirmid,mmacdirmidpl@biglobe.ne.jp,Female,56.63.116.110
923,Luci,Deegan,ldeeganpm@elegantthemes.com,Female,9.22.106.235
924,Evangeline,Shearwood,eshearwoodpn@typepad.com,Female,117.238.75.192
925,Simon,Eddington,seddingtonpo@comcast.net,Male,49.26.116.136
926,Raul,Qualtrough,rqualtroughpp@squidoo.com,Male,198.242.47.56
927,Granger,Skeat,gskeatpq@marriott.com,Male,66.249.75.12
928,Franky,Bryson,fbrysonpr@blinklist.com,Female,245.232.96.109
929,Carlye,Stollwerk,cstollwerkps@slideshare.net,Female,14.65.162.243
930,Bili,Hannon,bhannonpt@alexa.com,Female,102.128.226.184
931,Jamal,Demschke,jdemschkepu@java.com,Male,179.83.89.152
932,Ximenez,Athy,xathypv@intel.com,Male,248.40.57.59
933,Sophie,Danford,sdanfordpw@earthlink.net,Female,252.220.59.193
934,Bucky,Pariss,bparisspx@sciencedirect.com,Male,146.222.63.214
935,Nat,Klampt,nklamptpy@list-manage.com,Female,111.50.5.71
936,Hamil,Devanney,hdevanneypz@webeden.co.uk,Male,51.184.247.164
937,Mervin,Raincin,mraincinq0@npr.org,Male,153.6.239.102
938,Munmro,Buswell,mbuswellq1@prweb.com,Male,27.52.205.32
939,Delainey,Ferrulli,dferrulliq2@shareasale.com,Male,119.217.119.149
940,Lynnett,Songist,lsongistq3@ed.gov,Female,80.186.54.6
941,Wernher,Norree,wnorreeq4@reference.com,Male,190.29.197.196
942,Christyna,Roskell,croskellq5@dmoz.org,Female,120.11.170.184
943,Jakob,Bello,jbelloq6@newyorker.com,Male,26.83.163.42
944,Dyna,Ruscoe,druscoeq7@usatoday.com,Female,108.134.75.187
945,Ruprecht,Yarker,ryarkerq8@youtu.be,Male,212.25.248.29
946,Lavinia,Gofford,lgoffordq9@vkontakte.ru,Female,21.61.128.15
947,Isac,Thomlinson,ithomlinsonqa@free.fr,Male,224.249.222.182
948,Willdon,Vanne,wvanneqb@livejournal.com,Male,17.225.1.72
949,Wolfgang,Cristofvao,wcristofvaoqc@sitemeter.com,Male,13.154.79.176
950,Suzie,Clowsley,sclowsleyqd@jimdo.com,Female,44.120.70.95
951,Salvatore,Aingell,saingellqe@elpais.com,Male,148.199.165.222
952,Keir,Bangley,kbangleyqf@ft.com,Male,136.227.75.173
953,Danni,Rozenbaum,drozenbaumqg@newyorker.com,Female,128.77.174.241
954,Manfred,Gent,mgentqh@irs.gov,Male,112.124.106.58
955,Vanni,Quickenden,vquickendenqi@mayoclinic.com,Female,237.250.226.76
956,Marchall,Syfax,msyfaxqj@blogtalkradio.com,Male,221.144.48.43
957,Bernice,Cleal,bclealqk@github.io,Female,7.235.166.202
958,Caldwell,Villaret,cvillaretql@topsy.com,Male,113.219.237.107
959,Frannie,Hessel,fhesselqm@toplist.cz,Female,187.96.161.93
960,Rickie,Larose,rlaroseqn@list-manage.com,Male,104.146.204.9
961,Giuditta,Farnworth,gfarnworthqo@hhs.gov,Female,104.138.248.117
962,Kristy,Charrette,kcharretteqp@earthlink.net,Female,118.165.50.143
963,Julian,Lecky,jleckyqq@businesswire.com,Male,173.175.124.242
964,Samson,Benyan,sbenyanqr@printfriendly.com,Male,137.45.205.81
965,Milly,Bottrell,mbottrellqs@addthis.com,Female,168.200.93.194
966,Megan,McLae,mmclaeqt@xrea.com,Female,113.51.90.67
967,Wenonah,Streeten,wstreetenqu@tripadvisor.com,Female,126.95.45.138
968,Orsa,Mence,omenceqv@bigcartel.com,Female,249.162.49.200
969,Ianthe,de Voiels,idevoielsqw@unc.edu,Female,64.79.11.226
970,Jess,Avarne,javarneqx@admin.ch,Male,43.181.117.60
971,Poppy,Cleyburn,pcleyburnqy@yellowpages.com,Female,65.173.37.111
972,Evan,Moline,emolineqz@cam.ac.uk,Male,188.239.249.69
973,Cheslie,Joyce,cjoycer0@alibaba.com,Female,150.218.5.75
974,Johann,Stuckow,jstuckowr1@sciencedaily.com,Male,48.45.199.38
975,Griffin,Huff,ghuffr2@archive.org,Male,229.254.236.66
976,Dietrich,Talbot,dtalbotr3@parallels.com,Male,210.194.3.46
977,Lynelle,Jeakins,ljeakinsr4@mapy.cz,Female,83.39.80.46
978,Justina,Mandeville,jmandeviller5@aol.com,Female,140.226.100.207
979,Locke,O'Hanlon,lohanlonr6@dyndns.org,Male,187.199.62.122
980,Wait,Hutable,whutabler7@theglobeandmail.com,Male,2.99.58.32
981,Ashby,Ivanenko,aivanenkor8@dyndns.org,Male,209.71.182.138
982,Ericha,Pheasey,epheaseyr9@mapquest.com,Female,79.84.159.219
983,Lamont,Clerc,lclercra@pinterest.com,Male,190.46.66.0
984,Tracy,Kaspar,tkasparrb@time.com,Female,221.74.108.93
985,Benedick,Cella,bcellarc@omniture.com,Male,238.96.251.153
986,Carroll,Hollindale,chollindalerd@naver.com,Female,229.187.1.196
987,Siusan,Lunnon,slunnonre@yahoo.com,Female,65.65.87.73
988,Madelin,Lackney,mlackneyrf@bluehost.com,Female,7.16.207.110
989,Grata,Cheine,gcheinerg@canalblog.com,Female,195.170.136.50
990,Alvinia,Thirst,athirstrh@smh.com.au,Female,89.178.175.81
991,Lonna,Dudman,ldudmanri@purevolume.com,Female,186.217.68.45
992,Alec,Spalls,aspallsrj@imdb.com,Male,147.67.105.200
993,Cybill,Linning,clinningrk@sohu.com,Female,19.40.0.95
994,Bernadine,Lyne,blynerl@cornell.edu,Female,162.183.178.86
995,Gae,Bilofsky,gbilofskyrm@unc.edu,Female,78.96.67.0
996,Felice,McDermid,fmcdermidrn@myspace.com,Female,138.127.105.152
997,Carver,Sugarman,csugarmanro@psu.edu,Male,32.159.85.120
998,Ronald,Carcass,rcarcassrp@loc.gov,Male,96.122.95.140
999,Kevina,Dibley,kdibleyrq@friendfeed.com,Female,62.41.100.224
1000,Corinne,Wollers,cwollersrr@squidoo.com,Female,55.19.24.164
